bitmask,bitstring_qubit_order,qubo_energy,physical_feasible,physical_cost
0,000000000000,108126.37325964587,False,
1,100000000000,99151.64111105747,False,
2,010000000000,101383.18937257308,False,
3,110000000000,85264.43722398466,False,
4,001000000000,89581.43426077513,False,
5,101000000000,80606.70211218673,False,
6,011000000000,75694.23037370233,False,
7,111000000000,59575.47822511393,False,
8,000100000000,106385.97111105747,False,
9,100100000000,100876.83896246906,False,
10,010100000000,99642.78722398466,False,
11,110100000000,86989.63507539626,False,
12,001100000000,87841.03211218673,False,
13,101100000000,82331.89996359833,False,
14,011100000000,73953.82822511393,False,
15,111100000000,61300.67607652553,False,
16,000010000000,101473.49937257307,False,
17,100010000000,92498.76722398466,False,
18,010010000000,98195.91548550027,False,
19,110010000000,82077.16333691186,False,
20,001010000000,82928.56037370233,False,
21,101010000000,73953.82822511393,False,
22,011010000000,72506.95648662954,False,
23,111010000000,56388.204338041134,False,
24,000110000000,92589.07722398466,False,
25,100110000000,87079.94507539626,False,
26,010110000000,89311.49333691187,False,
27,110110000000,76658.34118832345,False,
28,001110000000,74044.13822511393,False,
29,101110000000,68535.00607652553,False,
30,011110000000,63622.53433804112,False,
31,111110000000,50969.38218945272,False,
32,000001000000,89671.74426077513,False,
33,100001000000,80697.01211218673,False,
34,010001000000,82928.56037370233,False,
35,110001000000,66809.80822511393,False,
36,001001000000,74592.40526190441,False,
37,101001000000,65617.673113316,False,
38,011001000000,60705.2013748316,False,
39,111001000000,44586.44922624319,False,
40,000101000000,87931.34211218673,False,
41,100101000000,82422.20996359833,False,
42,010101000000,81188.15822511393,False,
43,110101000000,68535.00607652552,False,
44,001101000000,72852.003113316,False,
45,101101000000,67342.87096472758,False,
46,011101000000,58964.799226243194,False,
47,111101000000,46311.647077654794,False,
48,000011000000,75874.85037370233,False,
49,100011000000,66900.11822511393,False,
50,010011000000,72597.26648662954,False,
51,110011000000,56478.51433804113,False,
52,001011000000,60795.5113748316,False,
53,101011000000,51820.7792262432,False,
54,011011000000,50373.90748775879,False,
55,111011000000,34255.15533917039,False,
56,000111000000,66990.42822511392,False,
57,100111000000,61481.29607652553,False,
58,010111000000,63712.84433804112,False,
59,110111000000,51059.69218945272,False,
60,001111000000,51911.08922624319,False,
61,101111000000,46401.957077654784,False,
62,011111000000,41489.48533917039,False,
63,111111000000,28836.333190581987,False,
64,000000100000,108033.97782502478,False,
65,100000100000,106127.24567643637,False,
66,010000100000,101290.79393795198,False,
67,110000100000,92240.04178936356,False,
68,001000100000,89489.03882615405,False,
69,101000100000,87582.30667756565,False,
70,011000100000,75601.83493908124,False,
71,111000100000,66551.08279049283,False,
72,000100100000,113361.57567643638,False,
73,100100100000,114920.44352784797,False,
74,010100100000,106618.39178936357,False,
75,110100100000,101033.23964077517,False,
76,001100100000,94816.63667756564,False,
77,101100100000,96375.50452897724,False,
78,011100100000,80929.43279049284,False,
79,111100100000,75344.28064190442,False,
80,000010100000,101381.10393795198,False,
81,100010100000,99474.37178936358,False,
82,010010100000,98103.52005087917,False,
83,110010100000,89052.76790229077,False,
84,001010100000,82836.16493908124,False,
85,101010100000,80929.43279049284,False,
86,011010100000,72414.56105200844,False,
87,111010100000,63363.808903420024,False,
88,000110100000,99564.68178936357,False,
89,100110100000,101123.54964077516,False,
90,010110100000,96287.09790229077,False,
91,110110100000,90701.94575370237,False,
92,001110100000,81019.74279049283,False,
93,101110100000,82578.61064190442,False,
94,011110100000,70598.13890342004,False,
95,111110100000,65012.986754831625,False,
96,000001100000,89579.34882615405,False,
97,100001100000,87672.61667756565,False,
98,010001100000,82836.16493908124,False,
99,110001100000,73785.41279049283,False,
100,001001100000,74500.00982728331,False,
101,101001100000,72593.27767869491,False,
102,011001100000,60612.805940210514,False,
103,111001100000,51562.0537916221,False,
104,000101100000,94906.94667756563,False,
105,100101100000,96465.81452897724,False,
106,010101100000,88163.76279049284,False,
107,110101100000,82578.61064190442,False,
108,001101100000,79827.60767869491,False,
109,101101100000,81386.4755301065,False,
110,011101100000,65940.4037916221,False,
111,111101100000,60355.25164303369,False,
112,000011100000,75782.45493908123,False,
113,100011100000,73875.72279049283,False,
114,010011100000,72504.87105200844,False,
115,110011100000,63454.11890342002,False,
116,001011100000,60703.11594021051,False,
117,101011100000,58796.3837916221,False,
118,011011100000,50281.5120531377,False,
119,111011100000,41230.7599045493,False,
120,000111100000,73966.03279049284,False,
121,100111100000,75524.90064190442,False,
122,010111100000,70688.44890342004,False,
123,110111100000,65103.29675483162,False,
124,001111100000,58886.6937916221,False,
125,101111100000,60445.561643033696,False,
126,011111100000,48465.0899045493,False,
127,111111100000,42879.93775596089,False,
128,000000010000,98015.12098995793,False,
129,100000010000,89040.38884136951,False,
130,010000010000,98339.93710288512,False,
131,110000010000,82221.18495429671,False,
132,001000010000,79470.18199108719,False,
133,101000010000,70495.44984249878,False,
134,011000010000,72650.97810401437,False,
135,111000010000,56532.22595542597,False,
136,000100010000,96274.71884136951,False,
137,100100010000,90765.58669278111,False,
138,010100010000,96599.53495429672,False,
139,110100010000,83946.38280570832,False,
140,001100010000,77729.77984249879,False,
141,101100010000,72220.64769391037,False,
142,011100010000,70910.57595542597,False,
143,111100010000,58257.42380683757,False,
144,000010010000,98430.24710288511,False,
145,100010010000,89455.51495429671,False,
146,010010010000,102220.66321581232,False,
147,110010010000,86101.91106722392,False,
148,001010010000,79885.30810401437,False,
149,101010010000,70910.57595542597,False,
150,011010010000,76531.70421694158,False,
151,111010010000,60412.952068353174,False,
152,000110010000,89545.82495429671,False,
153,100110010000,84036.69280570831,False,
154,010110010000,93336.2410672239,False,
155,110110010000,80683.0889186355,False,
156,001110010000,71000.88595542597,False,
157,101110010000,65491.75380683757,False,
158,011110010000,67647.28206835318,False,
159,111110010000,54994.129919764775,False,
160,000001010000,79560.49199108718,False,
161,100001010000,70585.75984249878,False,
162,010001010000,79885.30810401437,False,
163,110001010000,63766.55595542597,False,
164,001001010000,64481.15299221645,False,
165,101001010000,55506.42084362804,False,
166,011001010000,57661.94910514365,False,
167,111001010000,41543.19695655524,False,
168,000101010000,77820.08984249878,False,
169,100101010000,72310.95769391037,False,
170,010101010000,78144.90595542597,False,
171,110101010000,65491.75380683757,False,
172,001101010000,62740.75084362804,False,
173,101101010000,57231.61869503964,False,
174,011101010000,55921.54695655524,False,
175,111101010000,43268.394807966826,False,
176,000011010000,72831.59810401437,False,
177,100011010000,63856.86595542598,False,
178,010011010000,76622.01421694158,False,
179,110011010000,60503.26206835317,False,
180,001011010000,57752.25910514365,False,
181,101011010000,48777.526956555244,False,
182,011011010000,54398.65521807084,False,
183,111011010000,38279.90306948245,False,
184,000111010000,63947.175955425984,False,
185,100111010000,58438.043806837566,False,
186,010111010000,67737.59206835317,False,
187,110111010000,55084.439919764765,False,
188,001111010000,48867.83695655524,False,
189,101111010000,43358.70480796684,False,
190,011111010000,45514.233069482434,False,
191,111111010000,32861.08092089403,False,
192,000000110000,83352.89555533683,False,
193,100000110000,81446.16340674843,False,
194,010000110000,83677.71166826402,False,
195,110000110000,74626.95951967561,False,
196,001000110000,64807.9565564661,False,
197,101000110000,62901.224407877686,False,
198,011000110000,57988.752669393296,False,
199,111000110000,48938.00052080488,False,
200,000100110000,88680.49340674841,False,
201,100100110000,90239.36125816002,False,
202,010100110000,89005.30951967562,False,
203,110100110000,83420.15737108722,False,
204,001100110000,70135.55440787769,False,
205,101100110000,71694.42225928929,False,
206,011100110000,63316.35052080488,False,
207,111100110000,57731.19837221647,False,
208,000010110000,83768.02166826402,False,
209,100010110000,81861.28951967561,False,
210,010010110000,87558.43778119123,False,
211,110010110000,78507.6856326028,False,
212,001010110000,65223.08266939329,False,
213,101010110000,63316.35052080488,False,
214,011010110000,61869.47878232048,False,
215,111010110000,52818.726633732076,False,
216,000110110000,81951.59951967561,False,
217,100110110000,83510.46737108722,False,
218,010110110000,85742.01563260282,False,
219,110110110000,80156.86348401442,False,
220,001110110000,63406.66052080489,False,
221,101110110000,64965.528372216475,False,
222,011110110000,60053.05663373208,False,
223,111110110000,54467.90448514368,False,
224,000001110000,64898.266556466086,False,
225,100001110000,62991.53440787768,False,
226,010001110000,65223.08266939329,False,
227,110001110000,56172.330520804884,False,
228,001001110000,49818.927557595365,False,
229,101001110000,47912.19540900695,False,
230,011001110000,42999.72367052255,False,
231,111001110000,33948.971521934145,False,
232,000101110000,70225.86440787769,False,
233,100101110000,71784.73225928929,False,
234,010101110000,70550.68052080488,False,
235,110101110000,64965.528372216475,False,
236,001101110000,55146.52540900695,False,
237,101101110000,56705.39326041855,False,
238,011101110000,48327.32152193415,False,
239,111101110000,42742.16937334574,False,
240,000011110000,58169.37266939329,False,
241,100011110000,56262.64052080488,False,
242,010011110000,61959.78878232048,False,
243,110011110000,52909.036633732074,False,
244,001011110000,43090.033670522556,False,
245,101011110000,41183.30152193415,False,
246,011011110000,39736.429783449756,False,
247,111011110000,30685.677634861335,False,
248,000111110000,56352.95052080487,False,
249,100111110000,57911.81837221648,False,
250,010111110000,60143.366633732076,False,
251,110111110000,54558.21448514367,False,
252,001111110000,41273.611521934145,False,
253,101111110000,42832.47937334575,False,
254,011111110000,37920.007634861344,False,
255,111111110000,32334.855486272936,False,
256,000000001000,73945.75201194898,False,
257,100000001000,64971.019863360576,False,
258,010000001000,67202.56812487618,False,
259,110000001000,51083.81597628778,False,
260,001000001000,62468.813013078245,False,
261,101000001000,53494.08086448984,False,
262,011000001000,48581.60912600544,False,
263,111000001000,32462.85697741704,False,
264,000100001000,72205.34986336058,False,
265,100100001000,66696.21771477217,False,
266,010100001000,65462.16597628777,False,
267,110100001000,52809.01382769937,False,
268,001100001000,60728.41086448984,False,
269,101100001000,55219.27871590143,False,
270,011100001000,46841.20697741704,False,
271,111100001000,34188.05482882864,False,
272,000010001000,67292.87812487618,False,
273,100010001000,58318.14597628777,False,
274,010010001000,64015.29423780337,False,
275,110010001000,47896.54208921497,False,
276,001010001000,55815.93912600544,False,
277,101010001000,46841.20697741704,False,
278,011010001000,45394.33523893263,False,
279,111010001000,29275.583090344226,False,
280,000110001000,58408.45597628776,False,
281,100110001000,52899.323827699365,False,
282,010110001000,55130.872089214965,False,
283,110110001000,42477.71994062656,False,
284,001110001000,46931.516977417035,False,
285,101110001000,41422.38482882864,False,
286,011110001000,36509.91309034423,False,
287,111110001000,23856.760941755827,False,
288,000001001000,62559.12301307824,False,
289,100001001000,53584.39086448984,False,
290,010001001000,55815.93912600544,False,
291,110001001000,39697.18697741703,False,
292,001001001000,54547.78401420751,False,
293,101001001000,45573.051865619105,False,
294,011001001000,40660.580127134715,False,
295,111001001000,24541.82797854631,False,
296,000101001000,60818.720864489835,False,
297,100101001000,55309.58871590143,False,
298,010101001000,54075.53697741703,False,
299,110101001000,41422.384828828624,False,
300,001101001000,52807.38186561911,False,
301,101101001000,47298.2497170307,False,
302,011101001000,38920.1779785463,False,
303,111101001000,26267.025829957896,False,
304,000011001000,48762.22912600543,False,
305,100011001000,39787.49697741703,False,
306,010011001000,45484.64523893263,False,
307,110011001000,29365.893090344223,False,
308,001011001000,40750.89012713471,False,
309,101011001000,31776.15797854631,False,
310,011011001000,30329.2862400619,False,
311,111011001000,14210.534091473499,False,
312,000111001000,39877.80697741703,False,
313,100111001000,34368.67482882862,False,
314,010111001000,36600.223090344225,False,
315,110111001000,23947.070941755825,False,
316,001111001000,31866.467978546294,False,
317,101111001000,26357.335829957894,False,
318,011111001000,21444.864091473486,False,
319,111111001000,8791.711942885084,False,
320,000000101000,73853.35657732788,False,
321,100000101000,71946.62442873948,False,
322,010000101000,67110.17269025507,False,
323,110000101000,58059.42054166668,False,
324,001000101000,62376.417578457156,False,
325,101000101000,60469.685429868754,False,
326,011000101000,48489.21369138436,False,
327,111000101000,39438.46154279596,False,
328,000100101000,79180.95442873947,False,
329,100100101000,80739.82228015107,False,
330,010100101000,72437.77054166667,False,
331,110100101000,66852.61839307827,False,
332,001100101000,67704.01542986874,False,
333,101100101000,69262.88328128034,False,
334,011100101000,53816.81154279594,False,
335,111100101000,48231.65939420754,False,
336,000010101000,67200.48269025508,False,
337,100010101000,65293.75054166668,False,
338,010010101000,63922.89880318228,False,
339,110010101000,54872.14665459388,False,
340,001010101000,55723.543691384344,False,
341,101010101000,53816.81154279594,False,
342,011010101000,45301.93980431155,False,
343,111010101000,36251.187655723144,False,
344,000110101000,65384.06054166668,False,
345,100110101000,66942.92839307827,False,
346,010110101000,62106.47665459388,False,
347,110110101000,56521.32450600547,False,
348,001110101000,53907.12154279594,False,
349,101110101000,55465.98939420754,False,
350,011110101000,43485.51765572313,False,
351,111110101000,37900.36550713473,False,
352,000001101000,62466.72757845715,False,
353,100001101000,60559.995429868744,False,
354,010001101000,55723.543691384344,False,
355,110001101000,46672.79154279594,False,
356,001001101000,54455.38857958641,False,
357,101001101000,52548.65643099801,False,
358,011001101000,40568.18469251362,False,
359,111001101000,31517.432543925213,False,
360,000101101000,67794.32542986874,False,
361,100101101000,69353.19328128034,False,
362,010101101000,61051.14154279594,False,
363,110101101000,55465.98939420754,False,
364,001101101000,59782.98643099801,False,
365,101101101000,61341.85428240961,False,
366,011101101000,45895.78254392522,False,
367,111101101000,40310.63039533682,False,
368,000011101000,48669.83369138435,False,
369,100011101000,46763.10154279595,False,
370,010011101000,45392.24980431155,False,
371,110011101000,36341.49765572314,False,
372,001011101000,40658.4946925136,False,
373,101011101000,38751.7625439252,False,
374,011011101000,30236.890805440806,False,
375,111011101000,21186.138656852403,False,
376,000111101000,46853.41154279594,False,
377,100111101000,48412.27939420754,False,
378,010111101000,43575.82765572313,False,
379,110111101000,37990.67550713473,False,
380,001111101000,38842.0725439252,False,
381,101111101000,40400.9403953368,False,
382,011111101000,28420.468656852405,False,
383,111111101000,22835.316508264,False,
384,000000011000,49264.66974226102,False,
385,100000011000,40289.93759367262,False,
386,010000011000,49589.48585518822,False,
387,110000011000,33470.73370659982,False,
388,001000011000,37787.73074339029,False,
389,101000011000,28812.998594801888,False,
390,011000011000,30968.526856317498,False,
391,111000011000,14849.774707729093,False,
392,000100011000,47524.267593672615,False,
393,100100011000,42015.13544508422,False,
394,010100011000,47849.08370659982,False,
395,110100011000,35195.93155801142,False,
396,001100011000,36047.32859480189,False,
397,101100011000,30538.19644621349,False,
398,011100011000,29228.124707729083,False,
399,111100011000,16574.97255914068,False,
400,000010011000,49679.79585518822,False,
401,100010011000,40705.063706599816,False,
402,010010011000,53470.211968115414,False,
403,110010011000,37351.45981952701,False,
404,001010011000,38202.85685631749,False,
405,101010011000,29228.12470772909,False,
406,011010011000,34849.252969244684,False,
407,111010011000,18730.50082065628,False,
408,000110011000,40795.37370659982,False,
409,100110011000,35286.24155801142,False,
410,010110011000,44585.78981952701,False,
411,110110011000,31932.637670938606,False,
412,001110011000,29318.43470772908,False,
413,101110011000,23809.302559140677,False,
414,011110011000,25964.830820656283,False,
415,111110011000,13311.678672067881,False,
416,000001011000,37878.04074339029,False,
417,100001011000,28903.308594801885,False,
418,010001011000,38202.85685631749,False,
419,110001011000,22084.104707729093,False,
420,001001011000,29866.701744519545,False,
421,101001011000,20891.969595931143,False,
422,011001011000,23047.497857446753,False,
423,111001011000,6928.745708858351,False,
424,000101011000,36137.63859480189,False,
425,100101011000,30628.506446213487,False,
426,010101011000,36462.45470772908,False,
427,110101011000,23809.302559140677,False,
428,001101011000,28126.299595931145,False,
429,101101011000,22617.16744734275,False,
430,011101011000,21307.095708858353,False,
431,111101011000,8653.94356026995,False,
432,000011011000,31149.146856317493,False,
433,100011011000,22174.41470772909,False,
434,010011011000,34939.56296924468,False,
435,110011011000,18820.81082065628,False,
436,001011011000,23137.80785744675,False,
437,101011011000,14163.07570885835,False,
438,011011011000,19784.203970373957,False,
439,111011011000,3665.451821785553,False,
440,000111011000,22264.724707729074,False,
441,100111011000,16755.592559140674,False,
442,010111011000,26055.140820656266,False,
443,110111011000,13401.988672067862,False,
444,001111011000,14253.38570885835,False,
445,101111011000,8744.253560269948,False,
446,011111011000,10899.78182178554,False,
447,111111011000,-1753.370326802862,False,
448,000000111000,34602.44430763993,False,
449,100000111000,32695.712159051527,False,
450,010000111000,34927.26042056712,False,
451,110000111000,25876.508271978724,False,
452,001000111000,23125.505308769203,False,
453,101000111000,21218.77316018081,False,
454,011000111000,16306.3014216964,False,
455,111000111000,7255.549273107998,False,
456,000100111000,39930.04215905152,False,
457,100100111000,41488.91001046312,False,
458,010100111000,40254.85827197872,False,
459,110100111000,34669.70612339032,False,
460,001100111000,28453.103160180795,False,
461,101100111000,30011.97101159239,False,
462,011100111000,21633.899273108,False,
463,111100111000,16048.747124519596,False,
464,000010111000,35017.570420567135,False,
465,100010111000,33110.83827197873,False,
466,010010111000,38807.98653349433,False,
467,110010111000,29757.23438490593,False,
468,001010111000,23540.6314216964,False,
469,101010111000,21633.899273107996,False,
470,011010111000,20187.02753462359,False,
471,111010111000,11136.275386035184,False,
472,000110111000,33201.148271978724,False,
473,100110111000,34760.01612339032,False,
474,010110111000,36991.56438490593,False,
475,110110111000,31406.412236317527,False,
476,001110111000,21724.209273107983,False,
477,101110111000,23283.07712451958,False,
478,011110111000,18370.605386035186,False,
479,111110111000,12785.453237446785,False,
480,000001111000,23215.815308769194,False,
481,100001111000,21309.08316018079,False,
482,010001111000,23540.631421696384,False,
483,110001111000,14489.879273107981,False,
484,001001111000,15204.476309898466,False,
485,101001111000,13297.744161310064,False,
486,011001111000,8385.27242282566,False,
487,111001111000,-665.479725762747,False,
488,000101111000,28543.413160180793,False,
489,100101111000,30102.28101159239,False,
490,010101111000,28868.229273107983,False,
491,110101111000,23283.077124519583,False,
492,001101111000,20532.074161310065,False,
493,101101111000,22090.942012721658,False,
494,011101111000,13712.870274237259,False,
495,111101111000,8127.718125648855,False,
496,000011111000,16486.921421696396,False,
497,100011111000,14580.189273107993,False,
498,010011111000,20277.337534623603,False,
499,110011111000,11226.585386035196,False,
500,001011111000,8475.582422825657,False,
501,101011111000,6568.850274237251,False,
502,011011111000,5121.978535752845,False,
503,111011111000,-3928.7736128355573,False,
504,000111111000,14670.499273107995,False,
505,100111111000,16229.367124519591,False,
506,010111111000,18460.915386035183,False,
507,110111111000,12875.763237446783,False,
508,001111111000,6659.160274237252,False,
509,101111111000,8218.028125648852,False,
510,011111111000,3305.5563871644445,False,
511,111111111000,-2279.5957614239596,False,
512,000000000100,107290.98907316742,False,
513,100000000100,100824.25692457901,False,
514,010000000100,100547.80518609461,False,
515,110000000100,86937.05303750621,False,
516,001000000100,88746.05007429668,False,
517,101000000100,82279.31792570828,False,
518,011000000100,74858.84618722388,False,
519,111000000100,61248.09403863547,False,
520,000100000100,108058.58692457901,False,
521,100100000100,105057.45477599061,False,
522,010100000100,101315.40303750621,False,
523,110100000100,91170.25088891781,False,
524,001100000100,89513.64792570828,False,
525,101100000100,86512.51577711987,False,
526,011100000100,75626.44403863548,False,
527,111100000100,65481.29189004707,False,
528,000010000100,100638.11518609461,False,
529,100010000100,94171.38303750621,False,
530,010010000100,97360.53129902182,False,
531,110010000100,83749.77915043342,False,
532,001010000100,82093.17618722389,False,
533,101010000100,75626.44403863548,False,
534,011010000100,71671.57230015108,False,
535,111010000100,58060.82015156267,False,
536,000110000100,94261.69303750621,False,
537,100110000100,91260.56088891781,False,
538,010110000100,90984.1091504334,False,
539,110110000100,80838.957001845,False,
540,001110000100,75716.75403863548,False,
541,101110000100,72715.62189004708,False,
542,011110000100,65295.15015156267,False,
543,111110000100,55149.99800297427,False,
544,000001000100,88836.36007429668,False,
545,100001000100,82369.62792570828,False,
546,010001000100,82093.17618722389,False,
547,110001000100,68482.42403863546,False,
548,001001000100,73757.02107542596,False,
549,101001000100,67290.28892683754,False,
550,011001000100,59869.81718835315,False,
551,111001000100,46259.06503976474,False,
552,000101000100,89603.95792570828,False,
553,100101000100,86602.82577711988,False,
554,010101000100,82860.77403863549,False,
555,110101000100,72715.62189004707,False,
556,001101000100,74524.61892683755,False,
557,101101000100,71523.48677824913,False,
558,011101000100,60637.415039764746,False,
559,111101000100,50492.262891176346,False,
560,000011000100,75039.46618722388,False,
561,100011000100,68572.73403863546,False,
562,010011000100,71761.88230015109,False,
563,110011000100,58151.13015156267,False,
564,001011000100,59960.127188353144,False,
565,101011000100,53493.39503976474,False,
566,011011000100,49538.523301280344,False,
567,111011000100,35927.771152691945,False,
568,000111000100,68663.04403863547,False,
569,100111000100,65661.91189004708,False,
570,010111000100,65385.46015156267,False,
571,110111000100,55240.30800297427,False,
572,001111000100,53583.70503976474,False,
573,101111000100,50582.57289117634,False,
574,011111000100,43162.10115269194,False,
575,111111000100,33016.94900410354,False,
576,000000100100,112313.59363854633,False,
577,100000100100,112914.86148995793,False,
578,010000100100,105570.40975147352,False,
579,110000100100,99027.65760288511,False,
580,001000100100,93768.6546396756,False,
581,101000100100,94369.92249108719,False,
582,011000100100,79881.45075260279,False,
583,111000100100,73338.69860401438,False,
584,000100100100,120149.19148995793,False,
585,100100100100,124216.05934136952,False,
586,010100100100,113406.00760288512,False,
587,110100100100,110328.85545429672,False,
588,001100100100,101604.25249108719,False,
589,101100100100,105671.12034249879,False,
590,011100100100,87717.04860401437,False,
591,111100100100,84639.89645542597,False,
592,000010100100,105660.71975147353,False,
593,100010100100,106261.98760288511,False,
594,010010100100,102383.13586440073,False,
595,110010100100,95840.38371581232,False,
596,001010100100,87115.78075260279,False,
597,101010100100,87717.04860401439,False,
598,011010100100,76694.17686553,False,
599,111010100100,70151.42471694158,False,
600,000110100100,106352.29760288511,False,
601,100110100100,110419.16545429672,False,
602,010110100100,103074.71371581232,False,
603,110110100100,99997.56156722392,False,
604,001110100100,87807.35860401439,False,
605,101110100100,91874.22645542597,False,
606,011110100100,77385.75471694159,False,
607,111110100100,74308.60256835318,False,
608,000001100100,93858.9646396756,False,
609,100001100100,94460.23249108718,False,
610,010001100100,87115.78075260279,False,
611,110001100100,80573.02860401438,False,
612,001001100100,78779.62564080486,False,
613,101001100100,79380.89349221645,False,
614,011001100100,64892.42175373206,False,
615,111001100100,58349.669605143645,False,
616,000101100100,101694.56249108718,False,
617,100101100100,105761.43034249879,False,
618,010101100100,94951.37860401439,False,
619,110101100100,91874.22645542597,False,
620,001101100100,86615.22349221646,False,
621,101101100100,90682.09134362805,False,
622,011101100100,72728.01960514365,False,
623,111101100100,69650.86745655525,False,
624,000011100100,80062.07075260278,False,
625,100011100100,80663.33860401438,False,
626,010011100100,76784.48686552998,False,
627,110011100100,70241.73471694157,False,
628,001011100100,64982.73175373206,False,
629,101011100100,65583.99960514365,False,
630,011011100100,54561.12786665925,False,
631,111011100100,48018.37571807085,False,
632,000111100100,80753.6486040144,False,
633,100111100100,84820.51645542597,False,
634,010111100100,77476.06471694159,False,
635,110111100100,74398.91256835317,False,
636,001111100100,65674.30960514366,False,
637,101111100100,69741.17745655525,False,
638,011111100100,55252.70571807085,False,
639,111111100100,52175.55356948244,False,
640,000000010100,97179.73680347946,False,
641,100000010100,90713.00465489106,False,
642,010000010100,97504.55291640667,False,
643,110000010100,83893.80076781826,False,
644,001000010100,78634.79780460874,False,
645,101000010100,72168.06565602034,False,
646,011000010100,71815.59391753592,False,
647,111000010100,58204.841768947525,False,
648,000100010100,97947.33465489106,False,
649,100100010100,94946.20250630267,False,
650,010100010100,98272.15076781827,False,
651,110100010100,88126.99861922985,False,
652,001100010100,79402.39565602032,False,
653,101100010100,76401.26350743193,False,
654,011100010100,72583.19176894752,False,
655,111100010100,62438.03962035912,False,
656,000010010100,97594.86291640667,False,
657,100010010100,91128.13076781826,False,
658,010010010100,101385.27902933388,False,
659,110010010100,87774.52688074547,False,
660,001010010100,79049.92391753593,False,
661,101010010100,72583.19176894752,False,
662,011010010100,75696.32003046313,False,
663,111010010100,62085.567881874726,False,
664,000110010100,91218.44076781826,False,
665,100110010100,88217.30861922987,False,
666,010110010100,95008.85688074546,False,
667,110110010100,84863.70473215706,False,
668,001110010100,72673.50176894752,False,
669,101110010100,69672.36962035912,False,
670,011110010100,69319.89788187473,False,
671,111110010100,59174.74573328632,False,
672,000001010100,78725.10780460874,False,
673,100001010100,72258.37565602033,False,
674,010001010100,79049.92391753593,False,
675,110001010100,65439.17176894752,False,
676,001001010100,63645.768805738,False,
677,101001010100,57179.03665714959,False,
678,011001010100,56826.5649186652,False,
679,111001010100,43215.812770076795,False,
680,000101010100,79492.70565602032,False,
681,100101010100,76491.57350743192,False,
682,010101010100,79817.52176894752,False,
683,110101010100,69672.36962035912,False,
684,001101010100,64413.36665714959,False,
685,101101010100,61412.23450856119,False,
686,011101010100,57594.16277007679,False,
687,111101010100,47449.010621488385,False,
688,000011010100,71996.21391753592,False,
689,100011010100,65529.48176894753,False,
690,010011010100,75786.63003046313,False,
691,110011010100,62175.87788187472,False,
692,001011010100,56916.8749186652,False,
693,101011010100,50450.142770076796,False,
694,011011010100,53563.27103159239,False,
695,111011010100,39952.518883004,False,
696,000111010100,65619.79176894753,False,
697,100111010100,62618.65962035912,False,
698,010111010100,69410.20788187472,False,
699,110111010100,59265.05573328632,False,
700,001111010100,50540.45277007679,False,
701,101111010100,47539.32062148838,False,
702,011111010100,47186.848883003986,False,
703,111111010100,37041.696734415586,False,
704,000000110100,87632.51136885838,False,
705,100000110100,88233.77922026998,False,
706,010000110100,87957.32748178557,False,
707,110000110100,81414.57533319716,False,
708,001000110100,69087.57236998764,False,
709,101000110100,69688.84022139924,False,
710,011000110100,62268.36848291485,False,
711,111000110100,55725.616334326434,False,
712,000100110100,95468.10922026997,False,
713,100100110100,99534.97707168157,False,
714,010100110100,95792.92533319717,False,
715,110100110100,92715.77318460876,False,
716,001100110100,76923.17022139924,False,
717,101100110100,80990.03807281084,False,
718,011100110100,70103.96633432643,False,
719,111100110100,67026.81418573803,False,
720,000010110100,88047.63748178557,False,
721,100010110100,88648.90533319717,False,
722,010010110100,91838.05359471278,False,
723,110010110100,85295.30144612436,False,
724,001010110100,69502.69848291484,False,
725,101010110100,70103.96633432644,False,
726,011010110100,66149.09459584203,False,
727,111010110100,59606.34244725363,False,
728,000110110100,88739.21533319716,False,
729,100110110100,92806.08318460875,False,
730,010110110100,92529.63144612437,False,
731,110110110100,89452.47929753596,False,
732,001110110100,70194.27633432642,False,
733,101110110100,74261.14418573803,False,
734,011110110100,66840.67244725363,False,
735,111110110100,63763.52029866522,False,
736,000001110100,69177.88236998764,False,
737,100001110100,69779.15022139924,False,
738,010001110100,69502.69848291484,False,
739,110001110100,62959.946334326436,False,
740,001001110100,54098.54337111692,False,
741,101001110100,54699.8112225285,False,
742,011001110100,47279.3394840441,False,
743,111001110100,40736.5873354557,False,
744,000101110100,77013.48022139924,False,
745,100101110100,81080.34807281084,False,
746,010101110100,77338.29633432643,False,
747,110101110100,74261.14418573803,False,
748,001101110100,61934.1412225285,False,
749,101101110100,66001.0090739401,False,
750,011101110100,55114.9373354557,False,
751,111101110100,52037.785186867295,False,
752,000011110100,62448.98848291484,False,
753,100011110100,63050.256334326434,False,
754,010011110100,66239.40459584203,False,
755,110011110100,59696.652447253626,False,
756,001011110100,47369.64948404411,False,
757,101011110100,47970.9173354557,False,
758,011011110100,44016.04559697131,False,
759,111011110100,37473.29344838289,False,
760,000111110100,63140.566334326424,False,
761,100111110100,67207.43418573802,False,
762,010111110100,66930.98244725363,False,
763,110111110100,63853.83029866522,False,
764,001111110100,48061.2273354557,False,
765,101111110100,52128.09518686729,False,
766,011111110100,44707.623448382896,False,
767,111111110100,41630.47129979449,False,
768,000000001100,73110.36782547053,False,
769,100000001100,66643.63567688213,False,
770,010000001100,66367.18393839772,False,
771,110000001100,52756.431789809314,False,
772,001000001100,61633.42882659979,False,
773,101000001100,55166.69667801139,False,
774,011000001100,47746.22493952699,False,
775,111000001100,34135.47279093859,False,
776,000100001100,73877.96567688213,False,
777,100100001100,70876.83352829372,False,
778,010100001100,67134.78178980932,False,
779,110100001100,56989.62964122092,False,
780,001100001100,62401.02667801139,False,
781,101100001100,59399.894529422985,False,
782,011100001100,48513.82279093859,False,
783,111100001100,38368.670642350175,False,
784,000010001100,66457.49393839772,False,
785,100010001100,59990.761789809316,False,
786,010010001100,63179.91005132492,False,
787,110010001100,49569.15790273652,False,
788,001010001100,54980.55493952699,False,
789,101010001100,48513.82279093859,False,
790,011010001100,44558.951052454184,False,
791,111010001100,30948.198903865778,False,
792,000110001100,60081.07178980931,False,
793,100110001100,57079.93964122092,False,
794,010110001100,56803.48790273652,False,
795,110110001100,46658.33575414811,False,
796,001110001100,48604.13279093859,False,
797,101110001100,45603.000642350176,False,
798,011110001100,38182.52890386578,False,
799,111110001100,28037.37675527738,False,
800,000001001100,61723.73882659979,False,
801,100001001100,55257.006678011385,False,
802,010001001100,54980.55493952699,False,
803,110001001100,41369.802790938586,False,
804,001001001100,53712.39982772906,False,
805,101001001100,47245.66767914066,False,
806,011001001100,39825.19594065625,False,
807,111001001100,26214.443792067847,False,
808,000101001100,62491.33667801139,False,
809,100101001100,59490.20452942298,False,
810,010101001100,55748.152790938584,False,
811,110101001100,45603.000642350176,False,
812,001101001100,54479.99767914066,False,
813,101101001100,51478.865530552255,False,
814,011101001100,40592.79379206785,False,
815,111101001100,30447.64164347945,False,
816,000011001100,47926.844939526985,False,
817,100011001100,41460.11279093858,False,
818,010011001100,44649.26105245418,False,
819,110011001100,31038.508903865775,False,
820,001011001100,39915.50594065625,False,
821,101011001100,33448.77379206785,False,
822,011011001100,29493.902053583453,False,
823,111011001100,15883.14990499505,False,
824,000111001100,41550.42279093858,False,
825,100111001100,38549.29064235017,False,
826,010111001100,38272.83890386578,False,
827,110111001100,28127.686755277377,False,
828,001111001100,33539.083792067846,False,
829,101111001100,30537.951643479446,False,
830,011111001100,23117.479904995038,False,
831,111111001100,12972.327756406636,False,
832,000000101100,78132.97239084943,False,
833,100000101100,78734.24024226103,False,
834,010000101100,71389.78850377662,False,
835,110000101100,64847.03635518822,False,
836,001000101100,66656.03339197871,False,
837,101000101100,67257.3012433903,False,
838,011000101100,52768.829504905894,False,
839,111000101100,46226.077356317495,False,
840,000100101100,85968.57024226102,False,
841,100100101100,90035.43809367262,False,
842,010100101100,79225.38635518822,False,
843,110100101100,76148.23420659982,False,
844,001100101100,74491.6312433903,False,
845,101100101100,78558.4990948019,False,
846,011100101100,60604.427356317494,False,
847,111100101100,57527.27520772909,False,
848,000010101100,71480.09850377664,False,
849,100010101100,72081.36635518823,False,
850,010010101100,68202.51461670383,False,
851,110010101100,61659.76246811543,False,
852,001010101100,60003.159504905896,False,
853,101010101100,60604.427356317494,False,
854,011010101100,49581.55561783309,False,
855,111010101100,43038.80346924468,False,
856,000110101100,72171.67635518823,False,
857,100110101100,76238.54420659982,False,
858,010110101100,68894.09246811543,False,
859,110110101100,65816.94031952703,False,
860,001110101100,60694.73735631749,False,
861,101110101100,64761.60520772908,False,
862,011110101100,50273.13346924468,False,
863,111110101100,47195.98132065628,False,
864,000001101100,66746.34339197869,False,
865,100001101100,67347.61124339029,False,
866,010001101100,60003.159504905896,False,
867,110001101100,53460.40735631749,False,
868,001001101100,58735.00439310796,False,
869,101001101100,59336.27224451956,False,
870,011001101100,44847.80050603517,False,
871,111001101100,38305.048357446765,False,
872,000101101100,74581.94124339029,False,
873,100101101100,78648.8090948019,False,
874,010101101100,67838.75735631748,False,
875,110101101100,64761.605207729095,False,
876,001101101100,66570.60224451957,False,
877,101101101100,70637.47009593116,False,
878,011101101100,52683.39835744677,False,
879,111101101100,49606.24620885837,False,
880,000011101100,52949.44950490589,False,
881,100011101100,53550.71735631749,False,
882,010011101100,49671.8656178331,False,
883,110011101100,43129.113469244694,False,
884,001011101100,44938.110506035155,False,
885,101011101100,45539.37835744675,False,
886,011011101100,34516.50661896236,False,
887,111011101100,27973.754470373955,False,
888,000111101100,53641.02735631749,False,
889,100111101100,57707.89520772909,False,
890,010111101100,50363.44346924468,False,
891,110111101100,47286.29132065628,False,
892,001111101100,45629.68835744675,False,
893,101111101100,49696.556208858354,False,
894,011111101100,35208.08447037396,False,
895,111111101100,32130.932321785553,False,
896,000000011100,48429.285555782575,False,
897,100000011100,41962.55340719417,False,
898,010000011100,48754.10166870977,False,
899,110000011100,35143.349520121374,False,
900,001000011100,36952.34655691184,False,
901,101000011100,30485.61440832344,False,
902,011000011100,30133.14266983905,False,
903,111000011100,16522.390521250643,False,
904,000100011100,49196.88340719417,False,
905,100100011100,46195.75125860577,False,
906,010100011100,49521.699520121365,False,
907,110100011100,39376.547371532964,False,
908,001100011100,37719.944408323434,False,
909,101100011100,34718.812259735045,False,
910,011100011100,30900.740521250635,False,
911,111100011100,20755.58837266223,False,
912,000010011100,48844.41166870977,False,
913,100010011100,42377.67952012137,False,
914,010010011100,52634.82778163697,False,
915,110010011100,39024.07563304856,False,
916,001010011100,37367.47266983903,False,
917,101010011100,30900.740521250627,False,
918,011010011100,34013.868782766236,False,
919,111010011100,20403.116634177833,False,
920,000110011100,42467.989520121366,False,
921,100110011100,39466.85737153296,False,
922,010110011100,46258.40563304856,False,
923,110110011100,36113.25348446016,False,
924,001110011100,30991.050521250632,False,
925,101110011100,27989.91837266223,False,
926,011110011100,27637.44663417782,False,
927,111110011100,17492.294485589417,False,
928,000001011100,37042.65655691184,False,
929,100001011100,30575.924408323437,False,
930,010001011100,37367.472669839044,False,
931,110001011100,23756.720521250645,False,
932,001001011100,29031.317558041097,False,
933,101001011100,22564.585409452695,False,
934,011001011100,22212.113670968305,False,
935,111001011100,8601.361522379902,False,
936,000101011100,37810.25440832343,False,
937,100101011100,34809.12225973504,False,
938,010101011100,38135.07052125063,False,
939,110101011100,27989.91837266223,False,
940,001101011100,29798.915409452697,False,
941,101101011100,26797.7832608643,False,
942,011101011100,22979.711522379905,False,
943,111101011100,12834.559373791502,False,
944,000011011100,30313.762669839045,False,
945,100011011100,23847.030521250643,False,
946,010011011100,34104.178782766234,False,
947,110011011100,20493.42663417783,False,
948,001011011100,22302.423670968303,False,
949,101011011100,15835.691522379902,False,
950,011011011100,18948.81978389551,False,
951,111011011100,5338.067635307105,False,
952,000111011100,23937.340521250626,False,
953,100111011100,20936.208372662226,False,
954,010111011100,27727.75663417782,False,
955,110111011100,17582.604485589414,False,
956,001111011100,15926.001522379902,False,
957,101111011100,12924.8693737915,False,
958,011111011100,12572.397635307092,False,
959,111111011100,2427.24548671869,False,
960,000000111100,38882.060121161485,False,
961,100000111100,39483.32797257308,False,
962,010000111100,39206.876234088675,False,
963,110000111100,32664.124085500276,False,
964,001000111100,27405.121122290755,False,
965,101000111100,28006.388973702346,False,
966,011000111100,20585.917235217952,False,
967,111000111100,14043.16508662955,False,
968,000100111100,46717.65797257307,False,
969,100100111100,50784.52582398467,False,
970,010100111100,47042.474085500275,False,
971,110100111100,43965.321936911874,False,
972,001100111100,35240.718973702344,False,
973,101100111100,39307.58682511394,False,
974,011100111100,28421.51508662955,False,
975,111100111100,25344.362938041148,False,
976,000010111100,39297.18623408869,False,
977,100010111100,39898.454085500285,False,
978,010010111100,43087.60234701588,False,
979,110010111100,36544.85019842748,False,
980,001010111100,27820.247235217936,False,
981,101010111100,28421.515086629533,False,
982,011010111100,24466.643348145142,False,
983,111010111100,17923.891199556736,False,
984,000110111100,39988.764085500276,False,
985,100110111100,44055.63193691187,False,
986,010110111100,43779.18019842748,False,
987,110110111100,40702.028049839064,False,
988,001110111100,28511.825086629535,False,
989,101110111100,32578.69293804113,False,
990,011110111100,25158.221199556738,False,
991,111110111100,22081.069050968334,False,
992,000001111100,27495.431122290745,False,
993,100001111100,28096.698973702343,False,
994,010001111100,27820.247235217936,False,
995,110001111100,21277.495086629533,False,
996,001001111100,19484.092123420018,False,
997,101001111100,20085.359974831612,False,
998,011001111100,12664.888236347211,False,
999,111001111100,6122.136087758805,False,
1000,000101111100,35331.02897370234,False,
1001,100101111100,39397.89682511392,False,
1002,010101111100,35655.84508662953,False,
1003,110101111100,32578.69293804113,False,
1004,001101111100,27319.6899748316,False,
1005,101101111100,31386.557826243195,False,
1006,011101111100,20500.486087758807,False,
1007,111101111100,17423.333939170407,False,
1008,000011111100,20766.537235217947,False,
1009,100011111100,21367.805086629545,False,
1010,010011111100,24556.953348145154,False,
1011,110011111100,18014.201199556748,False,
1012,001011111100,12755.198236347209,False,
1013,101011111100,13356.466087758805,False,
1014,011011111100,9401.594349274397,False,
1015,111011111100,2858.8422006859946,False,
1016,000111111100,21458.115086629547,False,
1017,100111111100,25524.982938041143,False,
1018,010111111100,25248.531199556735,False,
1019,110111111100,22171.37905096833,False,
1020,001111111100,13446.77608775879,False,
1021,101111111100,17513.64393917039,False,
1022,011111111100,10093.172200685996,False,
1023,111111111100,7016.020052097594,False,
1024,000000000010,103735.9108413695,False,
1025,100000000010,94761.17869278109,False,
1026,010000000010,99500.7269542967,False,
1027,110000000010,83381.97480570829,False,
1028,001000000010,85190.97184249877,False,
1029,101000000010,76216.23969391036,False,
1030,011000000010,73811.76795542597,False,
1031,111000000010,57693.01580683755,False,
1032,000100000010,101995.50869278109,False,
1033,100100000010,96486.3765441927,False,
1034,010100000010,97760.3248057083,False,
1035,110100000010,85107.17265711988,False,
1036,001100000010,83450.56969391037,False,
1037,101100000010,77941.43754532197,False,
1038,011100000010,72071.36580683755,False,
1039,111100000010,59418.21365824915,False,
1040,000010000010,99591.0369542967,False,
1041,100010000010,90616.30480570829,False,
1042,010010000010,98821.4530672239,False,
1043,110010000010,82702.70091863548,False,
1044,001010000010,81046.09795542597,False,
1045,101010000010,72071.36580683757,False,
1046,011010000010,73132.49406835316,False,
1047,111010000010,57013.741919764754,False,
1048,000110000010,90706.61480570829,False,
1049,100110000010,85197.48265711988,False,
1050,010110000010,89937.0309186355,False,
1051,110110000010,77283.87877004709,False,
1052,001110000010,72161.67580683755,False,
1053,101110000010,66652.54365824915,False,
1054,011110000010,64248.07191976474,False,
1055,111110000010,51594.91977117635,False,
1056,000001000010,85281.28184249876,False,
1057,100001000010,76306.54969391036,False,
1058,010001000010,81046.09795542597,False,
1059,110001000010,64927.34580683756,False,
1060,001001000010,70201.94284362803,False,
1061,101001000010,61227.21069503962,False,
1062,011001000010,58822.73895655523,False,
1063,111001000010,42703.98680796682,False,
1064,000101000010,83540.87969391036,False,
1065,100101000010,78031.74754532197,False,
1066,010101000010,79305.69580683755,False,
1067,110101000010,66652.54365824915,False,
1068,001101000010,68461.54069503963,False,
1069,101101000010,62952.40854645122,False,
1070,011101000010,57082.33680796682,False,
1071,111101000010,44429.184659378414,False,
1072,000011000010,73992.38795542596,False,
1073,100011000010,65017.65580683756,False,
1074,010011000010,73222.80406835316,False,
1075,110011000010,57104.05191976475,False,
1076,001011000010,58913.04895655523,False,
1077,101011000010,49938.316807966825,False,
1078,011011000010,50999.44506948242,False,
1079,111011000010,34880.69292089402,False,
1080,000111000010,65107.96580683755,False,
1081,100111000010,59598.83365824915,False,
1082,010111000010,64338.38191976475,False,
1083,110111000010,51685.229771176346,False,
1084,001111000010,50028.626807966815,False,
1085,101111000010,44519.49465937841,False,
1086,011111000010,42115.022920894015,False,
1087,111111000010,29461.870772305614,False,
1088,000000100010,103643.51540674841,False,
1089,100000100010,101736.78325816001,False,
1090,010000100010,99408.3315196756,False,
1091,110000100010,90357.5793710872,False,
1092,001000100010,85098.57640787767,False,
1093,101000100010,83191.84425928927,False,
1094,011000100010,73719.37252080487,False,
1095,111000100010,64668.62037221647,False,
1096,000100100010,108971.11325816001,False,
1097,100100100010,110529.98110957158,False,
1098,010100100010,104735.9293710872,False,
1099,110100100010,99150.7772224988,False,
1100,001100100010,90426.17425928927,False,
1101,101100100010,91985.04211070086,False,
1102,011100100010,79046.97037221647,False,
1103,111100100010,73461.81822362807,False,
1104,000010100010,99498.64151967561,False,
1105,100010100010,97591.9093710872,False,
1106,010010100010,98729.05763260281,False,
1107,110010100010,89678.3054840144,False,
1108,001010100010,80953.70252080487,False,
1109,101010100010,79046.97037221647,False,
1110,011010100010,73040.09863373208,False,
1111,111010100010,63989.346485143666,False,
1112,000110100010,97682.2193710872,False,
1113,100110100010,99241.0872224988,False,
1114,010110100010,96912.63548401439,False,
1115,110110100010,91327.48333542599,False,
1116,001110100010,79137.28037221647,False,
1117,101110100010,80696.14822362807,False,
1118,011110100010,71223.67648514366,False,
1119,111110100010,65638.52433655526,False,
1120,000001100010,85188.88640787767,False,
1121,100001100010,83282.15425928927,False,
1122,010001100010,80953.70252080487,False,
1123,110001100010,71902.95037221645,False,
1124,001001100010,70109.54740900695,False,
1125,101001100010,68202.81526041855,False,
1126,011001100010,58730.34352193414,False,
1127,111001100010,49679.59137334573,False,
1128,000101100010,90516.48425928927,False,
1129,100101100010,92075.35211070086,False,
1130,010101100010,86281.30037221647,False,
1131,110101100010,80696.14822362806,False,
1132,001101100010,75437.14526041853,False,
1133,101101100010,76996.01311183012,False,
1134,011101100010,64057.94137334573,False,
1135,111101100010,58472.78922475733,False,
1136,000011100010,73899.99252080487,False,
1137,100011100010,71993.26037221646,False,
1138,010011100010,73130.40863373208,False,
1139,110011100010,64079.656485143656,False,
1140,001011100010,58820.65352193414,False,
1141,101011100010,56913.921373345736,False,
1142,011011100010,50907.04963486133,False,
1143,111011100010,41856.29748627293,False,
1144,000111100010,72083.57037221646,False,
1145,100111100010,73642.43822362805,False,
1146,010111100010,71313.98648514366,False,
1147,110111100010,65728.83433655526,False,
1148,001111100010,57004.23137334573,False,
1149,101111100010,58563.09922475733,False,
1150,011111100010,49090.627486272926,False,
1151,111111100010,43505.47533768452,False,
1152,000000010010,98739.65857168155,False,
1153,100000010010,89764.92642309314,False,
1154,010000010010,101572.47468460875,False,
1155,110000010010,85453.72253602034,False,
1156,001000010010,80194.7195728108,False,
1157,101000010010,71219.9874242224,False,
1158,011000010010,75883.515685738,False,
1159,111000010010,59764.76353714961,False,
1160,000100010010,96999.25642309315,False,
1161,100100010010,91490.12427450475,False,
1162,010100010010,99832.07253602034,False,
1163,110100010010,87178.92038743194,False,
1164,001100010010,78454.3174242224,False,
1165,101100010010,72945.18527563401,False,
1166,011100010010,74143.1135371496,False,
1167,111100010010,61489.9613885612,False,
1168,000010010010,101662.78468460875,False,
1169,100010010010,92688.05253602035,False,
1170,010010010010,107961.20079753594,False,
1171,110010010010,91842.44864894754,False,
1172,001010010010,83117.84568573801,False,
1173,101010010010,74143.1135371496,False,
1174,011010010010,82272.2417986652,False,
1175,111010010010,66153.48965007681,False,
1176,000110010010,92778.36253602033,False,
1177,100110010010,87269.23038743193,False,
1178,010110010010,99076.77864894754,False,
1179,110110010010,86423.62650035914,False,
1180,001110010010,74233.4235371496,False,
1181,101110010010,68724.2913885612,False,
1182,011110010010,73387.8196500768,False,
1183,111110010010,60734.667501488395,False,
1184,000001010010,80285.0295728108,False,
1185,100001010010,71310.2974242224,False,
1186,010001010010,83117.84568573801,False,
1187,110001010010,66999.0935371496,False,
1188,001001010010,65205.690573940075,False,
1189,101001010010,56230.95842535167,False,
1190,011001010010,60894.486686867276,False,
1191,111001010010,44775.73453827886,False,
1192,000101010010,78544.62742422242,False,
1193,100101010010,73035.495275634,False,
1194,010101010010,81377.44353714961,False,
1195,110101010010,68724.29138856119,False,
1196,001101010010,63465.288425351675,False,
1197,101101010010,57956.15627676327,False,
1198,011101010010,59154.08453827887,False,
1199,111101010010,46500.93238969047,False,
1200,000011010010,76064.135685738,False,
1201,100011010010,67089.4035371496,False,
1202,010011010010,82362.55179866521,False,
1203,110011010010,66243.7996500768,False,
1204,001011010010,60984.796686867274,False,
1205,101011010010,52010.06453827888,False,
1206,011011010010,60139.19279979447,False,
1207,111011010010,44020.44065120607,False,
1208,000111010010,67179.7135371496,False,
1209,100111010010,61670.5813885612,False,
1210,010111010010,73478.1296500768,False,
1211,110111010010,60824.97750148839,False,
1212,001111010010,52100.37453827886,False,
1213,101111010010,46591.24238969046,False,
1214,011111010010,51254.770651206054,False,
1215,111111010010,38601.61850261765,False,
1216,000000110010,84077.43313706045,False,
1217,100000110010,82170.70098847205,False,
1218,010000110010,86910.24924998765,False,
1219,110000110010,77859.49710139923,False,
1220,001000110010,65532.49413818972,False,
1221,101000110010,63625.76198960132,False,
1222,011000110010,61221.290251116916,False,
1223,111000110010,52170.53810252851,False,
1224,000100110010,89405.03098847205,False,
1225,100100110010,90963.89883988365,False,
1226,010100110010,92237.84710139925,False,
1227,110100110010,86652.69495281085,False,
1228,001100110010,70860.09198960132,False,
1229,101100110010,72418.95984101291,False,
1230,011100110010,66548.88810252851,False,
1231,111100110010,60963.73595394011,False,
1232,000010110010,87000.55924998765,False,
1233,100010110010,85093.82710139925,False,
1234,010010110010,93298.97536291486,False,
1235,110010110010,84248.22321432644,False,
1236,001010110010,68455.62025111691,False,
1237,101010110010,66548.88810252852,False,
1238,011010110010,67610.01636404412,False,
1239,111010110010,58559.26421545571,False,
1240,000110110010,85184.13710139925,False,
1241,100110110010,86743.00495281085,False,
1242,010110110010,91482.55321432644,False,
1243,110110110010,85897.40106573804,False,
1244,001110110010,66639.1981025285,False,
1245,101110110010,68198.06595394011,False,
1246,011110110010,65793.59421545571,False,
1247,111110110010,60208.44206686731,False,
1248,000001110010,65622.80413818972,False,
1249,100001110010,63716.07198960132,False,
1250,010001110010,68455.62025111691,False,
1251,110001110010,59404.86810252851,False,
1252,001001110010,50543.465139318985,False,
1253,101001110010,48636.73299073058,False,
1254,011001110010,46232.261252246186,False,
1255,111001110010,37181.50910365778,False,
1256,000101110010,70950.4019896013,False,
1257,100101110010,72509.26984101291,False,
1258,010101110010,73783.21810252851,False,
1259,110101110010,68198.06595394011,False,
1260,001101110010,55871.062990730585,False,
1261,101101110010,57429.93084214218,False,
1262,011101110010,51559.85910365778,False,
1263,111101110010,45974.70695506937,False,
1264,000011110010,61401.91025111691,False,
1265,100011110010,59495.17810252851,False,
1266,010011110010,67700.32636404411,False,
1267,110011110010,58649.57421545571,False,
1268,001011110010,46322.57125224618,False,
1269,101011110010,44415.83910365778,False,
1270,011011110010,45476.96736517338,False,
1271,111011110010,36426.215216584984,False,
1272,000111110010,59585.48810252851,False,
1273,100111110010,61144.3559539401,False,
1274,010111110010,65883.90421545571,False,
1275,110111110010,60298.752066867295,False,
1276,001111110010,44506.14910365778,False,
1277,101111110010,46065.01695506938,False,
1278,011111110010,43660.54521658497,False,
1279,111111110010,38075.39306799657,False,
1280,000000001010,69555.28959367261,False,
1281,100000001010,60580.5574450842,False,
1282,010000001010,65320.1057065998,False,
1283,110000001010,49201.3535580114,False,
1284,001000001010,58078.35059480187,False,
1285,101000001010,49103.61844621347,False,
1286,011000001010,46699.14670772907,False,
1287,111000001010,30580.39455914066,False,
1288,000100001010,67814.8874450842,False,
1289,100100001010,62305.755296495794,False,
1290,010100001010,63579.703558011395,False,
1291,110100001010,50926.551409422995,False,
1292,001100001010,56337.948446213464,False,
1293,101100001010,50828.81629762507,False,
1294,011100001010,44958.74455914066,False,
1295,111100001010,32305.592410552257,False,
1296,000010001010,65410.4157065998,False,
1297,100010001010,56435.6835580114,False,
1298,010010001010,64640.831819527,False,
1299,110010001010,48522.0796709386,False,
1300,001010001010,53933.47670772907,False,
1301,101010001010,44958.74455914066,False,
1302,011010001010,46019.87282065627,False,
1303,111010001010,29901.120672067846,False,
1304,000110001010,56525.993558011396,False,
1305,100110001010,51016.86140942299,False,
1306,010110001010,55756.40967093859,False,
1307,110110001010,43103.257522350184,False,
1308,001110001010,45049.054559140655,False,
1309,101110001010,39539.92241055226,False,
1310,011110001010,37135.45067206786,False,
1311,111110001010,24482.298523479447,False,
1312,000001001010,58168.66059480187,False,
1313,100001001010,49193.92844621347,False,
1314,010001001010,53933.47670772907,False,
1315,110001001010,37814.72455914065,False,
1316,001001001010,50157.32159593114,False,
1317,101001001010,41182.58944734274,False,
1318,011001001010,38778.117708858335,False,
1319,111001001010,22659.36556026993,False,
1320,000101001010,56428.25844621346,False,
1321,100101001010,50919.12629762505,False,
1322,010101001010,52193.07455914066,False,
1323,110101001010,39539.92241055226,False,
1324,001101001010,48416.91944734273,False,
1325,101101001010,42907.78729875432,False,
1326,011101001010,37037.71556026992,False,
1327,111101001010,24384.563411681516,False,
1328,000011001010,46879.76670772907,False,
1329,100011001010,37905.03455914065,False,
1330,010011001010,46110.182820656264,False,
1331,110011001010,29991.430672067858,False,
1332,001011001010,38868.42770885833,False,
1333,101011001010,29893.69556026993,False,
1334,011011001010,30954.82382178552,False,
1335,111011001010,14836.071673197119,False,
1336,000111001010,37995.344559140656,False,
1337,100111001010,32486.212410552253,False,
1338,010111001010,37225.76067206786,False,
1339,110111001010,24572.60852347946,False,
1340,001111001010,29984.005560269914,False,
1341,101111001010,24474.873411681514,False,
1342,011111001010,22070.40167319712,False,
1343,111111001010,9417.249524608704,False,
1344,000000101010,69462.89415905152,False,
1345,100000101010,67556.16201046311,False,
1346,010000101010,65227.710271978714,False,
1347,110000101010,56176.958123390315,False,
1348,001000101010,57985.95516018078,False,
1349,101000101010,56079.22301159239,False,
1350,011000101010,46606.75127310798,False,
1351,111000101010,37555.99912451958,False,
1352,000100101010,74790.49201046312,False,
1353,100100101010,76349.3598618747,False,
1354,010100101010,70555.3081233903,False,
1355,110100101010,64970.155974801906,False,
1356,001100101010,63313.553011592376,False,
1357,101100101010,64872.42086300399,False,
1358,011100101010,51934.34912451958,False,
1359,111100101010,46349.196975931176,False,
1360,000010101010,65318.02027197871,False,
1361,100010101010,63411.28812339031,False,
1362,010010101010,64548.43638490591,False,
1363,110010101010,55497.68423631751,False,
1364,001010101010,53841.08127310798,False,
1365,101010101010,51934.34912451958,False,
1366,011010101010,45927.47738603517,False,
1367,111010101010,36876.725237446764,False,
1368,000110101010,63501.5981233903,False,
1369,100110101010,65060.465974801904,False,
1370,010110101010,62732.014236317504,False,
1371,110110101010,57146.862087729096,False,
1372,001110101010,52024.659124519574,False,
1373,101110101010,53583.52697593118,False,
1374,011110101010,44111.055237446766,False,
1375,111110101010,38525.903088858366,False,
1376,000001101010,58076.26516018078,False,
1377,100001101010,56169.533011592386,False,
1378,010001101010,53841.08127310798,False,
1379,110001101010,44790.32912451957,False,
1380,001001101010,50064.926161310046,False,
1381,101001101010,48158.19401272166,False,
1382,011001101010,38685.722274237254,False,
1383,111001101010,29634.970125648848,False,
1384,000101101010,63403.86301159237,False,
1385,100101101010,64962.73086300397,False,
1386,010101101010,59168.67912451956,False,
1387,110101101010,53583.52697593116,False,
1388,001101101010,55392.524012721646,False,
1389,101101101010,56951.39186413324,False,
1390,011101101010,44013.32012564884,False,
1391,111101101010,38428.16797706044,False,
1392,000011101010,46787.37127310797,False,
1393,100011101010,44880.63912451957,False,
1394,010011101010,46017.78738603517,False,
1395,110011101010,36967.03523744676,False,
1396,001011101010,38776.03227423725,False,
1397,101011101010,36869.30012564885,False,
1398,011011101010,30862.42838716444,False,
1399,111011101010,21811.676238576038,False,
1400,000111101010,44970.94912451957,False,
1401,100111101010,46529.81697593116,False,
1402,010111101010,44201.365237446764,False,
1403,110111101010,38616.21308885836,False,
1404,001111101010,36959.61012564883,False,
1405,101111101010,38518.47797706044,False,
1406,011111101010,29046.006238576025,False,
1407,111111101010,23460.85408998762,False,
1408,000000011010,49989.20732398465,False,
1409,100000011010,41014.47517539625,False,
1410,010000011010,52822.02343691185,False,
1411,110000011010,36703.27128832345,False,
1412,001000011010,38512.268325113924,False,
1413,101000011010,29537.536176525522,False,
1414,011000011010,34201.06443804112,False,
1415,111000011010,18082.31228945271,False,
1416,000100011010,48248.80517539625,False,
1417,100100011010,42739.67302680785,False,
1418,010100011010,51081.62128832344,False,
1419,110100011010,38428.46913973504,False,
1420,001100011010,36771.86617652551,False,
1421,101100011010,31262.73402793711,False,
1422,011100011010,32460.662289452717,False,
1423,111100011010,19807.510140864313,False,
1424,000010011010,52912.333436911846,False,
1425,100010011010,43937.60128832344,False,
1426,010010011010,59210.74954983904,False,
1427,110010011010,43091.99740125064,False,
1428,001010011010,41435.39443804111,False,
1429,101010011010,32460.66228945271,False,
1430,011010011010,40589.790550968304,False,
1431,111010011010,24471.0384023799,False,
1432,000110011010,44027.91128832344,False,
1433,100110011010,38518.77913973504,False,
1434,010110011010,50326.327401250644,False,
1435,110110011010,37673.175252662244,False,
1436,001110011010,32550.972289452715,False,
1437,101110011010,27041.840140864297,False,
1438,011110011010,31705.368402379903,False,
1439,111110011010,19052.2162537915,False,
1440,000001011010,38602.57832511392,False,
1441,100001011010,29627.84617652552,False,
1442,010001011010,41435.39443804111,False,
1443,110001011010,25316.642289452713,False,
1444,001001011010,30591.23932624318,False,
1445,101001011010,21616.507177654777,False,
1446,011001011010,26280.035439170388,False,
1447,111001011010,10161.283290581985,False,
1448,000101011010,36862.17617652551,False,
1449,100101011010,31353.044027937107,False,
1450,010101011010,39694.9922894527,False,
1451,110101011010,27041.840140864297,False,
1452,001101011010,28850.83717765478,False,
1453,101101011010,23341.705029066383,False,
1454,011101011010,24539.633290581973,False,
1455,111101011010,11886.48114199357,False,
1456,000011011010,34381.68443804111,False,
1457,100011011010,25406.95228945271,False,
1458,010011011010,40680.1005509683,False,
1459,110011011010,24561.3484023799,False,
1460,001011011010,26370.345439170385,False,
1461,101011011010,17395.61329058197,False,
1462,011011011010,25524.741552097577,False,
1463,111011011010,9405.989403509173,False,
1464,000111011010,25497.26228945271,False,
1465,100111011010,19988.13014086431,False,
1466,010111011010,31795.6784023799,False,
1467,110111011010,19142.526253791497,False,
1468,001111011010,17485.92329058197,False,
1469,101111011010,11976.791141993568,False,
1470,011111011010,16640.31940350916,False,
1471,111111011010,3987.167254920758,False,
1472,000000111010,35326.98188936357,False,
1473,100000111010,33420.249740775165,False,
1474,010000111010,38159.79800229076,False,
1475,110000111010,29109.04585370236,False,
1476,001000111010,23850.04289049283,False,
1477,101000111010,21943.310741904443,False,
1478,011000111010,19538.839003420035,False,
1479,111000111010,10488.086854831632,False,
1480,000100111010,40654.57974077515,False,
1481,100100111010,42213.447592186756,False,
1482,010100111010,43487.39585370236,False,
1483,110100111010,37902.24370511396,False,
1484,001100111010,29177.64074190443,False,
1485,101100111010,30736.508593316026,False,
1486,011100111010,24866.43685483162,False,
1487,111100111010,19281.28470624323,False,
1488,000010111010,38250.108002290755,False,
1489,100010111010,36343.37585370235,False,
1490,010010111010,44548.52411521795,False,
1491,110010111010,35497.771966629545,False,
1492,001010111010,26773.169003420033,False,
1493,101010111010,24866.43685483163,False,
1494,011010111010,25927.565116347225,False,
1495,111010111010,16876.81296775882,False,
1496,000110111010,36433.68585370236,False,
1497,100110111010,37992.553705113954,False,
1498,010110111010,42732.10196662955,False,
1499,110110111010,37146.94981804115,False,
1500,001110111010,24956.746854831617,False,
1501,101110111010,26515.614706243214,False,
1502,011110111010,24111.14296775882,False,
1503,111110111010,18525.99081917042,False,
1504,000001111010,23940.352890492828,False,
1505,100001111010,22033.620741904426,False,
1506,010001111010,26773.169003420033,False,
1507,110001111010,17722.41685483163,False,
1508,001001111010,15929.013891622086,False,
1509,101001111010,14022.281743033698,False,
1510,011001111010,11617.810004549294,False,
1511,111001111010,2567.057855960902,False,
1512,000101111010,29267.950741904428,False,
1513,100101111010,30826.818593316024,False,
1514,010101111010,32100.766854831618,False,
1515,110101111010,26515.614706243217,False,
1516,001101111010,21256.611743033685,False,
1517,101101111010,22815.479594445293,False,
1518,011101111010,16945.407855960893,False,
1519,111101111010,11360.25570737249,False,
1520,000011111010,19719.45900342003,False,
1521,100011111010,17812.726854831628,False,
1522,010011111010,26017.875116347223,False,
1523,110011111010,16967.122967758816,False,
1524,001011111010,11708.120004549291,False,
1525,101011111010,9801.387855960886,False,
1526,011011111010,10862.516117476494,False,
1527,111011111010,1811.7639688880918,False,
1528,000111111010,17903.036854831615,False,
1529,100111111010,19461.90470624321,False,
1530,010111111010,24201.452967758803,False,
1531,110111111010,18616.300819170403,False,
1532,001111111010,9891.697855960887,False,
1533,101111111010,11450.565707372487,False,
1534,011111111010,9046.093968888079,False,
1535,111111111010,3460.9418202996785,False,
1536,000000000110,97235.29665489105,False,
1537,100000000110,90768.56450630265,False,
1538,010000000110,93000.11276781825,False,
1539,110000000110,79389.36061922985,False,
1540,001000000110,78690.35765602032,False,
1541,101000000110,72223.6255074319,False,
1542,011000000110,67311.15376894751,False,
1543,111000000110,53700.4016203591,False,
1544,000100000110,98002.89450630265,False,
1545,100100000110,95001.76235771424,False,
1546,010100000110,93767.71061922984,False,
1547,110100000110,83622.55847064144,False,
1548,001100000110,79457.95550743192,False,
1549,101100000110,76456.8233588435,False,
1550,011100000110,68078.75162035911,False,
1551,111100000110,57933.59947177071,False,
1552,000010000110,93090.42276781825,False,
1553,100010000110,86623.69061922985,False,
1554,010010000110,92320.83888074543,False,
1555,110010000110,78710.08673215704,False,
1556,001010000110,74545.48376894751,False,
1557,101010000110,68078.75162035911,False,
1558,011010000110,66631.87988187472,False,
1559,111010000110,53021.12773328631,False,
1560,000110000110,86714.00061922985,False,
1561,100110000110,83712.86847064144,False,
1562,010110000110,85944.41673215704,False,
1563,110110000110,75799.26458356863,False,
1564,001110000110,68169.0616203591,False,
1565,101110000110,65167.9294717707,False,
1566,011110000110,60255.4577332863,False,
1567,111110000110,50110.3055846979,False,
1568,000001000110,78780.66765602032,False,
1569,100001000110,72313.9355074319,False,
1570,010001000110,74545.48376894752,False,
1571,110001000110,60934.7316203591,False,
1572,001001000110,63701.32865714958,False,
1573,101001000110,57234.596508561175,False,
1574,011001000110,52322.12477007678,False,
1575,111001000110,38711.37262148837,False,
1576,000101000110,79548.26550743192,False,
1577,100101000110,76547.13335884351,False,
1578,010101000110,75313.08162035911,False,
1579,110101000110,65167.9294717707,False,
1580,001101000110,64468.92650856118,False,
1581,101101000110,61467.79435997277,False,
1582,011101000110,53089.72262148837,False,
1583,111101000110,42944.57047289996,False,
1584,000011000110,67491.77376894752,False,
1585,100011000110,61025.0416203591,False,
1586,010011000110,66722.18988187471,False,
1587,110011000110,53111.43773328631,False,
1588,001011000110,52412.434770076776,False,
1589,101011000110,45945.70262148837,False,
1590,011011000110,44498.83088300397,False,
1591,111011000110,30888.078734415565,False,
1592,000111000110,61115.3516203591,False,
1593,100111000110,58114.2194717707,False,
1594,010111000110,60345.76773328631,False,
1595,110111000110,50200.615584697895,False,
1596,001111000110,46036.01262148837,False,
1597,101111000110,43034.88047289997,False,
1598,011111000110,38122.40873441557,False,
1599,111111000110,27977.256585827163,False,
1600,000000100110,102257.90122026997,False,
1601,100000100110,102859.16907168155,False,
1602,010000100110,98022.71733319716,False,
1603,110000100110,91479.96518460875,False,
1604,001000100110,83712.96222139923,False,
1605,101000100110,84314.23007281082,False,
1606,011000100110,72333.75833432643,False,
1607,111000100110,65791.006185738,False,
1608,000100100110,110093.49907168155,False,
1609,100100100110,114160.36692309314,False,
1610,010100100110,105858.31518460876,False,
1611,110100100110,102781.16303602036,False,
1612,001100100110,91548.56007281083,False,
1613,101100100110,95615.4279242224,False,
1614,011100100110,80169.35618573803,False,
1615,111100100110,77092.20403714961,False,
1616,000010100110,98113.02733319715,False,
1617,100010100110,98714.29518460875,False,
1618,010010100110,97343.44344612435,False,
1619,110010100110,90800.69129753596,False,
1620,001010100110,79568.08833432643,False,
1621,101010100110,80169.35618573803,False,
1622,011010100110,71654.48444725362,False,
1623,111010100110,65111.732298665214,False,
1624,000110100110,98804.60518460875,False,
1625,100110100110,102871.47303602035,False,
1626,010110100110,98035.02129753595,False,
1627,110110100110,94957.86914894753,False,
1628,001110100110,80259.66618573802,False,
1629,101110100110,84326.53403714963,False,
1630,011110100110,72346.06229866522,False,
1631,111110100110,69268.91015007682,False,
1632,000001100110,83803.27222139922,False,
1633,100001100110,84404.54007281082,False,
1634,010001100110,79568.08833432641,False,
1635,110001100110,73025.33618573801,False,
1636,001001100110,68723.93322252849,False,
1637,101001100110,69325.20107394009,False,
1638,011001100110,57344.72933545568,False,
1639,111001100110,50801.97718686728,False,
1640,000101100110,91638.87007281082,False,
1641,100101100110,95705.7379242224,False,
1642,010101100110,87403.68618573803,False,
1643,110101100110,84326.53403714961,False,
1644,001101100110,76559.53107394009,False,
1645,101101100110,80626.39892535168,False,
1646,011101100110,65180.32718686728,False,
1647,111101100110,62103.17503827888,False,
1648,000011100110,72514.37833432642,False,
1649,100011100110,73115.646185738,False,
1650,010011100110,71744.79444725362,False,
1651,110011100110,65202.04229866521,False,
1652,001011100110,57435.03933545568,False,
1653,101011100110,58036.30718686728,False,
1654,011011100110,49521.43544838289,False,
1655,111011100110,42978.68329979448,False,
1656,000111100110,73205.95618573802,False,
1657,100111100110,77272.8240371496,False,
1658,010111100110,72436.37229866521,False,
1659,110111100110,69359.22015007681,False,
1660,001111100110,58126.61718686728,False,
1661,101111100110,62193.48503827888,False,
1662,011111100110,50213.013299794475,False,
1663,111111100110,47135.86115120607,False,
1664,000000010110,92239.0443852031,False,
1665,100000010110,85772.3122366147,False,
1666,010000010110,95071.8604981303,False,
1667,110000010110,81461.1083495419,False,
1668,001000010110,73694.10538633236,False,
1669,101000010110,67227.37323774396,False,
1670,011000010110,69382.90149925956,False,
1671,111000010110,55772.149350671156,False,
1672,000100010110,93006.6422366147,False,
1673,100100010110,90005.51008802629,False,
1674,010100010110,95839.45834954189,False,
1675,110100010110,85694.30620095349,False,
1676,001100010110,74461.70323774396,False,
1677,101100010110,71460.57108915555,False,
1678,011100010110,70150.49935067116,False,
1679,111100010110,60005.34720208275,False,
1680,000010010110,95162.1704981303,False,
1681,100010010110,88695.4383495419,False,
1682,010010010110,101460.58661105749,False,
1683,110010010110,87849.8344624691,False,
1684,001010010110,76617.23149925956,False,
1685,101010010110,70150.49935067116,False,
1686,011010010110,75771.62761218676,False,
1687,111010010110,62160.87546359836,False,
1688,000110010110,88785.74834954189,False,
1689,100110010110,85784.61620095349,False,
1690,010110010110,95084.1644624691,False,
1691,110110010110,84939.01231388067,False,
1692,001110010110,70240.80935067116,False,
1693,101110010110,67239.67720208275,False,
1694,011110010110,69395.20546359835,False,
1695,111110010110,59250.05331500995,False,
1696,000001010110,73784.41538633236,False,
1697,100001010110,67317.68323774396,False,
1698,010001010110,76617.23149925956,False,
1699,110001010110,63006.47935067116,False,
1700,001001010110,58705.07638746163,False,
1701,101001010110,52238.34423887323,False,
1702,011001010110,54393.872500388825,False,
1703,111001010110,40783.12035180042,False,
1704,000101010110,74552.01323774396,False,
1705,100101010110,71550.88108915555,False,
1706,010101010110,77384.82935067116,False,
1707,110101010110,67239.67720208275,False,
1708,001101010110,59472.674238873224,False,
1709,101101010110,56471.54209028481,False,
1710,011101010110,55161.47035180042,False,
1711,111101010110,45016.31820321202,False,
1712,000011010110,69563.52149925956,False,
1713,100011010110,63096.789350671155,False,
1714,010011010110,75861.93761218677,False,
1715,110011010110,62251.185463598355,False,
1716,001011010110,54484.18250038882,False,
1717,101011010110,48017.45035180043,False,
1718,011011010110,53638.57861331602,False,
1719,111011010110,40027.82646472762,False,
1720,000111010110,63187.09935067115,False,
1721,100111010110,60185.96720208275,False,
1722,010111010110,69485.51546359835,False,
1723,110111010110,59340.36331500995,False,
1724,001111010110,48107.76035180042,False,
1725,101111010110,45106.628203212014,False,
1726,011111010110,47262.15646472761,False,
1727,111111010110,37117.0043161392,False,
1728,000000110110,82691.818950582,False,
1729,100000110110,83293.0868019936,False,
1730,010000110110,85524.63506350921,False,
1731,110000110110,78981.88291492079,False,
1732,001000110110,64146.87995171128,False,
1733,101000110110,64748.14780312287,False,
1734,011000110110,59835.676064638465,False,
1735,111000110110,53292.923916050066,False,
1736,000100110110,90527.4168019936,False,
1737,100100110110,94594.28465340518,False,
1738,010100110110,93360.23291492081,False,
1739,110100110110,90283.0807663324,False,
1740,001100110110,71982.47780312286,False,
1741,101100110110,76049.34565453445,False,
1742,011100110110,67671.27391605006,False,
1743,111100110110,64594.121767461664,False,
1744,000010110110,85614.9450635092,False,
1745,100010110110,86216.21291492079,False,
1746,010010110110,91913.3611764364,False,
1747,110010110110,85370.609027848,False,
1748,001010110110,67070.00606463847,False,
1749,101010110110,67671.27391605006,False,
1750,011010110110,66224.40217756567,False,
1751,111010110110,59681.65002897727,False,
1752,000110110110,86306.5229149208,False,
1753,100110110110,90373.39076633239,False,
1754,010110110110,92604.939027848,False,
1755,110110110110,89527.7868792596,False,
1756,001110110110,67761.58391605006,False,
1757,101110110110,71828.45176746167,False,
1758,011110110110,66915.98002897725,False,
1759,111110110110,63838.82788038885,False,
1760,000001110110,64237.189951711276,False,
1761,100001110110,64838.45780312287,False,
1762,010001110110,67070.00606463847,False,
1763,110001110110,60527.25391605006,False,
1764,001001110110,49157.85095284054,False,
1765,101001110110,49759.11880425213,False,
1766,011001110110,44846.64706576774,False,
1767,111001110110,38303.894917179336,False,
1768,000101110110,72072.78780312286,False,
1769,100101110110,76139.65565453445,False,
1770,010101110110,74905.60391605007,False,
1771,110101110110,71828.45176746165,False,
1772,001101110110,56993.44880425213,False,
1773,101101110110,61060.31665566373,False,
1774,011101110110,52682.24491717933,False,
1775,111101110110,49605.09276859093,False,
1776,000011110110,60016.29606463846,False,
1777,100011110110,60617.56391605006,False,
1778,010011110110,66314.71217756567,False,
1779,110011110110,59771.960028977264,False,
1780,001011110110,44936.95706576774,False,
1781,101011110110,45538.22491717934,False,
1782,011011110110,44091.35317869494,False,
1783,111011110110,37548.60103010654,False,
1784,000111110110,60707.87391605006,False,
1785,100111110110,64774.74176746166,False,
1786,010111110110,67006.29002897725,False,
1787,110111110110,63929.13788038885,False,
1788,001111110110,45628.53491717933,False,
1789,101111110110,49695.40276859094,False,
1790,011111110110,44782.93103010653,False,
1791,111111110110,41705.77888151812,False,
1792,000000001110,63054.675407194154,False,
1793,100000001110,56587.94325860575,False,
1794,010000001110,58819.49152012136,False,
1795,110000001110,45208.73937153295,False,
1796,001000001110,51577.73640832343,False,
1797,101000001110,45111.004259735026,False,
1798,011000001110,40198.532521250614,False,
1799,111000001110,26587.78037266221,False,
1800,000100001110,63822.273258605754,False,
1801,100100001110,60821.14111001735,False,
1802,010100001110,59587.089371532944,False,
1803,110100001110,49441.93722294454,False,
1804,001100001110,52345.33425973501,False,
1805,101100001110,49344.20211114661,False,
1806,011100001110,40966.13037266221,False,
1807,111100001110,30820.978224073813,False,
1808,000010001110,58909.80152012136,False,
1809,100010001110,52443.069371532954,False,
1810,010010001110,58140.217633048545,False,
1811,110010001110,44529.46548446014,False,
1812,001010001110,47432.862521250616,False,
1813,101010001110,40966.13037266221,False,
1814,011010001110,39519.258634177815,False,
1815,111010001110,25908.5064855894,False,
1816,000110001110,52533.379371532945,False,
1817,100110001110,49532.24722294454,False,
1818,010110001110,51763.79548446014,False,
1819,110110001110,41618.64333587174,False,
1820,001110001110,41056.44037266221,False,
1821,101110001110,38055.30822407379,False,
1822,011110001110,33142.8364855894,False,
1823,111110001110,22997.684337001,False,
1824,000001001110,51668.046408323426,False,
1825,100001001110,45201.31425973502,False,
1826,010001001110,47432.862521250616,False,
1827,110001001110,33822.11037266221,False,
1828,001001001110,43656.707409452676,False,
1829,101001001110,37189.975260864274,False,
1830,011001001110,32277.503522379884,False,
1831,111001001110,18666.751373791485,False,
1832,000101001110,52435.64425973501,False,
1833,100101001110,49434.51211114661,False,
1834,010101001110,48200.460372662215,False,
1835,110101001110,38055.30822407381,False,
1836,001101001110,44424.305260864276,False,
1837,101101001110,41423.17311227588,False,
1838,011101001110,33045.10137379147,False,
1839,111101001110,22899.94922520307,False,
1840,000011001110,40379.15252125061,False,
1841,100011001110,33912.42037266221,False,
1842,010011001110,39609.56863417781,False,
1843,110011001110,25998.816485589414,False,
1844,001011001110,32367.81352237988,False,
1845,101011001110,25901.081373791465,False,
1846,011011001110,24454.209635307074,False,
1847,111011001110,10843.457486718671,False,
1848,000111001110,34002.730372662205,False,
1849,100111001110,31001.59822407381,False,
1850,010111001110,33233.146485589416,False,
1851,110111001110,23087.99433700101,False,
1852,001111001110,25991.39137379147,False,
1853,101111001110,22990.259225203066,False,
1854,011111001110,18077.787486718673,False,
1855,111111001110,7932.635338130256,False,
1856,000000101110,68077.27997257307,False,
1857,100000101110,68678.54782398467,False,
1858,010000101110,63842.09608550026,False,
1859,110000101110,57299.34393691186,False,
1860,001000101110,56600.34097370233,False,
1861,101000101110,57201.608825113944,False,
1862,011000101110,45221.13708662953,False,
1863,111000101110,38678.38493804113,False,
1864,000100101110,75912.87782398467,False,
1865,100100101110,79979.74567539626,False,
1866,010100101110,71677.69393691186,False,
1867,110100101110,68600.54178832346,False,
1868,001100101110,64435.93882511393,False,
1869,101100101110,68502.80667652552,False,
1870,011100101110,53056.73493804112,False,
1871,111100101110,49979.58278945273,False,
1872,000010101110,63932.40608550026,False,
1873,100010101110,64533.67393691186,False,
1874,010010101110,63162.822198427464,False,
1875,110010101110,56620.07004983906,False,
1876,001010101110,52455.467086629535,False,
1877,101010101110,53056.73493804113,False,
1878,011010101110,44541.86319955672,False,
1879,111010101110,37999.11105096832,False,
1880,000110101110,64623.983936911856,False,
1881,100110101110,68690.85178832346,False,
1882,010110101110,63854.40004983905,False,
1883,110110101110,60777.24790125065,False,
1884,001110101110,53147.044938041116,False,
1885,101110101110,57213.91278945271,False,
1886,011110101110,45233.44105096832,False,
1887,111110101110,42156.28890237992,False,
1888,000001101110,56690.65097370233,False,
1889,100001101110,57291.91882511393,False,
1890,010001101110,52455.467086629535,False,
1891,110001101110,45912.71493804113,False,
1892,001001101110,48679.311974831595,False,
1893,101001101110,49280.57982624319,False,
1894,011001101110,37300.108087758796,False,
1895,111001101110,30757.3559391704,False,
1896,000101101110,64526.24882511393,False,
1897,100101101110,68593.11667652552,False,
1898,010101101110,60291.06493804112,False,
1899,110101101110,57213.91278945272,False,
1900,001101101110,56514.909826243194,False,
1901,101101101110,60581.7776776548,False,
1902,011101101110,45135.705939170395,False,
1903,111101101110,42058.553790581995,False,
1904,000011101110,45401.75708662953,False,
1905,100011101110,46003.024938041126,False,
1906,010011101110,44632.17319955672,False,
1907,110011101110,38089.42105096832,False,
1908,001011101110,37390.41808775879,False,
1909,101011101110,37991.685939170384,False,
1910,011011101110,29476.814200685993,False,
1911,111011101110,22934.06205209759,False,
1912,000111101110,46093.33493804111,False,
1913,100111101110,50160.20278945271,False,
1914,010111101110,45323.75105096832,False,
1915,110111101110,42246.59890237992,False,
1916,001111101110,38081.99593917039,False,
1917,101111101110,42148.86379058199,False,
1918,011111101110,30168.392052097577,False,
1919,111111101110,27091.239903509173,False,
1920,000000011110,43488.59313750621,False,
1921,100000011110,37021.860988917804,False,
1922,010000011110,46321.409250433404,False,
1923,110000011110,32710.657101844998,False,
1924,001000011110,32011.654138635466,False,
1925,101000011110,25544.921990047063,False,
1926,011000011110,27700.450251562666,False,
1927,111000011110,14089.698102974266,False,
1928,000100011110,44256.1909889178,False,
1929,100100011110,41255.058840329395,False,
1930,010100011110,47089.007101844996,False,
1931,110100011110,36943.854953256596,False,
1932,001100011110,32779.251990047065,False,
1933,101100011110,29778.11984145866,False,
1934,011100011110,28468.04810297425,False,
1935,111100011110,18322.89595438585,False,
1936,000010011110,46411.7192504334,False,
1937,100010011110,39944.987101845,False,
1938,010010011110,52710.1353633606,False,
1939,110010011110,39099.3832147722,False,
1940,001010011110,34934.78025156267,False,
1941,101010011110,28468.04810297425,False,
1942,011010011110,34089.17636448986,False,
1943,111010011110,20478.424215901454,False,
1944,000110011110,40035.29710184499,False,
1945,100110011110,37034.16495325659,False,
1946,010110011110,46333.71321477219,False,
1947,110110011110,36188.56106618379,False,
1948,001110011110,28558.35810297425,False,
1949,101110011110,25557.225954385853,False,
1950,011110011110,27712.754215901456,False,
1951,111110011110,17567.60206731304,False,
1952,000001011110,32101.964138635478,False,
1953,100001011110,25635.231990047076,False,
1954,010001011110,34934.78025156267,False,
1955,110001011110,21324.028102974262,False,
1956,001001011110,24090.625139764736,False,
1957,101001011110,17623.892991176333,False,
1958,011001011110,19779.421252691944,False,
1959,111001011110,6168.669104103537,False,
1960,000101011110,32869.56199004706,False,
1961,100101011110,29868.42984145866,False,
1962,010101011110,35702.37810297425,False,
1963,110101011110,25557.225954385853,False,
1964,001101011110,24858.222991176335,False,
1965,101101011110,21857.090842587935,False,
1966,011101011110,20547.01910410353,False,
1967,111101011110,10401.866955515123,False,
1968,000011011110,27881.07025156266,False,
1969,100011011110,21414.33810297426,False,
1970,010011011110,34179.48636448986,False,
1971,110011011110,20568.73421590145,False,
1972,001011011110,19869.73125269194,False,
1973,101011011110,13402.999104103523,False,
1974,011011011110,19024.12736561913,False,
1975,111011011110,5413.375217030725,False,
1976,000111011110,21504.64810297425,False,
1977,100111011110,18503.515954385846,False,
1978,010111011110,27803.064215901453,False,
1979,110111011110,17657.912067313053,False,
1980,001111011110,13493.309104103522,False,
1981,101111011110,10492.17695551512,False,
1982,011111011110,12647.705217030712,False,
1983,111111011110,2502.553068442312,False,
1984,000000111110,33941.367702885116,False,
1985,100000111110,34542.635554296714,False,
1986,010000111110,36774.183815812314,False,
1987,110000111110,30231.43166722391,False,
1988,001000111110,22464.428704014383,False,
1989,101000111110,23065.69655542598,False,
1990,011000111110,18153.224816941587,False,
1991,111000111110,11610.472668353184,False,
1992,000100111110,41776.96555429671,False,
1993,100100111110,45843.833405708305,False,
1994,010100111110,44609.781667223906,False,
1995,110100111110,41532.6295186355,False,
1996,001100111110,30300.026555425982,False,
1997,101100111110,34366.89440683758,False,
1998,011100111110,25988.822668353172,False,
1999,111100111110,22911.670519764768,False,
2000,000010111110,36864.49381581231,False,
2001,100010111110,37465.76166722391,False,
2002,010010111110,43162.90992873951,False,
2003,110010111110,36620.1577801511,False,
2004,001010111110,25387.55481694157,False,
2005,101010111110,25988.82266835317,False,
2006,011010111110,24541.950929868777,False,
2007,111010111110,17999.19878128037,False,
2008,000110111110,37556.07166722391,False,
2009,100110111110,41622.939518635496,False,
2010,010110111110,43854.4877801511,False,
2011,110110111110,40777.3356315627,False,
2012,001110111110,26079.13266835317,False,
2013,101110111110,30146.00051976477,False,
2014,011110111110,25233.528781280358,False,
2015,111110111110,22156.376632691958,False,
2016,000001111110,22554.73870401438,False,
2017,100001111110,23156.006555425978,False,
2018,010001111110,25387.554816941585,False,
2019,110001111110,18844.802668353183,False,
2020,001001111110,14543.399705143638,False,
2021,101001111110,15144.667556555249,False,
2022,011001111110,10232.195818070846,False,
2023,111001111110,3689.4436694824544,False,
2024,000101111110,30390.33655542598,False,
2025,100101111110,34457.204406837576,False,
2026,010101111110,33223.15266835317,False,
2027,110101111110,30146.00051976477,False,
2028,001101111110,22378.997556555238,False,
2029,101101111110,26445.865407966845,False,
2030,011101111110,18067.793669482446,False,
2031,111101111110,14990.641520894042,False,
2032,000011111110,18333.844816941582,False,
2033,100011111110,18935.11266835318,False,
2034,010011111110,24632.260929868775,False,
2035,110011111110,18089.50878128037,False,
2036,001011111110,10322.505818070844,False,
2037,101011111110,10923.77366948244,False,
2038,011011111110,9476.901930998049,False,
2039,111011111110,2934.1497824096423,False,
2040,000111111110,19025.422668353167,False,
2041,100111111110,23092.290519764763,False,
2042,010111111110,25323.838781280356,False,
2043,110111111110,22246.686632691955,False,
2044,001111111110,11014.08366948244,False,
2045,101111111110,15080.95152089404,False,
2046,011111111110,10168.47978240963,False,
2047,111111111110,7091.327633821229,False,
2048,000000000001,95195.1670104631,False,
2049,100000000001,86220.4348618747,False,
2050,010000000001,88451.9831233903,False,
2051,110000000001,72333.23097480189,False,
2052,001000000001,79158.22801159238,False,
2053,101000000001,70183.49586300398,False,
2054,011000000001,65271.024124519565,False,
2055,111000000001,49152.271975931166,False,
2056,000100000001,93454.7648618747,False,
2057,100100000001,87945.6327132863,False,
2058,010100000001,86711.5809748019,False,
2059,110100000001,74058.4288262135,False,
2060,001100000001,77417.82586300396,False,
2061,101100000001,71908.69371441557,False,
2062,011100000001,63530.621975931164,False,
2063,111100000001,50877.46982734276,False,
2064,000010000001,88542.29312339031,False,
2065,100010000001,79567.56097480189,False,
2066,010010000001,85264.7092363175,False,
2067,110010000001,69145.9570877291,False,
2068,001010000001,72505.35412451957,False,
2069,101010000001,63530.621975931164,False,
2070,011010000001,62083.750237446766,False,
2071,111010000001,45964.99808885836,False,
2072,000110000001,79657.8709748019,False,
2073,100110000001,74148.73882621349,False,
2074,010110000001,76380.2870877291,False,
2075,110110000001,63727.13493914069,False,
2076,001110000001,63620.93197593116,False,
2077,101110000001,58111.799827342766,False,
2078,011110000001,53199.328088858354,False,
2079,111110000001,40546.17594026995,False,
2080,000001000001,79248.53801159238,False,
2081,100001000001,70273.80586300396,False,
2082,010001000001,72505.35412451957,False,
2083,110001000001,56386.60197593116,False,
2084,001001000001,66677.19901272164,False,
2085,101001000001,57702.46686413323,False,
2086,011001000001,52789.995125648835,False,
2087,111001000001,36671.24297706042,False,
2088,000101000001,77508.13586300396,False,
2089,100101000001,71999.00371441556,False,
2090,010101000001,70764.95197593117,False,
2091,110101000001,58111.799827342766,False,
2092,001101000001,64936.796864133226,False,
2093,101101000001,59427.664715544815,False,
2094,011101000001,51049.592977060434,False,
2095,111101000001,38396.44082847203,False,
2096,000011000001,65451.64412451956,False,
2097,100011000001,56476.91197593116,False,
2098,010011000001,62174.06023744676,False,
2099,110011000001,46055.30808885836,False,
2100,001011000001,52880.30512564883,False,
2101,101011000001,43905.57297706042,False,
2102,011011000001,42458.701238576024,False,
2103,111011000001,26339.949089987625,False,
2104,000111000001,56567.22197593115,False,
2105,100111000001,51058.08982734275,False,
2106,010111000001,53289.63808885836,False,
2107,110111000001,40636.48594026996,False,
2108,001111000001,43995.88297706042,False,
2109,101111000001,38486.750828472024,False,
2110,011111000001,33574.27908998763,False,
2111,111111000001,20921.126941399227,False,
2112,000000100001,95102.77157584201,False,
2113,100000100001,93196.0394272536,False,
2114,010000100001,88359.58768876921,False,
2115,110000100001,79308.83554018081,False,
2116,001000100001,79065.83257697128,False,
2117,101000100001,77159.10042838287,False,
2118,011000100001,65178.62868989847,False,
2119,111000100001,56127.87654131007,False,
2120,000100100001,100430.36942725361,False,
2121,100100100001,101989.23727866521,False,
2122,010100100001,93687.1855401808,False,
2123,110100100001,88102.0333915924,False,
2124,001100100001,84393.43042838288,False,
2125,101100100001,85952.29827979446,False,
2126,011100100001,70506.22654131007,False,
2127,111100100001,64921.07439272167,False,
2128,000010100001,88449.89768876921,False,
2129,100010100001,86543.16554018081,False,
2130,010010100001,85172.31380169641,False,
2131,110010100001,76121.561653108,False,
2132,001010100001,72412.95868989849,False,
2133,101010100001,70506.22654131007,False,
2134,011010100001,61991.35480282568,False,
2135,111010100001,52940.602654237264,False,
2136,000110100001,86633.47554018079,False,
2137,100110100001,88192.3433915924,False,
2138,010110100001,83355.891653108,False,
2139,110110100001,77770.7395045196,False,
2140,001110100001,70596.53654131007,False,
2141,101110100001,72155.40439272167,False,
2142,011110100001,60174.93265423727,False,
2143,111110100001,54589.78050564886,False,
2144,000001100001,79156.14257697128,False,
2145,100001100001,77249.41042838286,False,
2146,010001100001,72412.95868989847,False,
2147,110001100001,63362.206541310064,False,
2148,001001100001,66584.80357810055,False,
2149,101001100001,64678.071429512136,False,
2150,011001100001,52697.599691027746,False,
2151,111001100001,43646.84754243934,False,
2152,000101100001,84483.74042838287,False,
2153,100101100001,86042.60827979445,False,
2154,010101100001,77740.55654131007,False,
2155,110101100001,72155.40439272167,False,
2156,001101100001,71912.40142951215,False,
2157,101101100001,73471.26928092373,False,
2158,011101100001,58025.197542439346,False,
2159,111101100001,52440.04539385093,False,
2160,000011100001,65359.24868989848,False,
2161,100011100001,63452.51654131006,False,
2162,010011100001,62081.664802825675,False,
2163,110011100001,53030.91265423726,False,
2164,001011100001,52787.909691027744,False,
2165,101011100001,50881.17754243934,False,
2166,011011100001,42366.305803954936,False,
2167,111011100001,33315.55365536653,False,
2168,000111100001,63542.82654131007,False,
2169,100111100001,65101.694392721656,False,
2170,010111100001,60265.24265423727,False,
2171,110111100001,54680.09050564886,False,
2172,001111100001,50971.48754243933,False,
2173,101111100001,52530.35539385093,False,
2174,011111100001,40549.88365536654,False,
2175,111111100001,34964.73150677813,False,
2176,000000010001,85083.91474077516,False,
2177,100000010001,76109.18259218676,False,
2178,010000010001,85408.73085370235,False,
2179,110000010001,69289.97870511394,False,
2180,001000010001,69046.97574190442,False,
2181,101000010001,60072.243593316016,False,
2182,011000010001,62227.77185483162,False,
2183,111000010001,46109.01970624321,False,
2184,000100010001,83343.51259218674,False,
2185,100100010001,77834.38044359835,False,
2186,010100010001,83668.32870511395,False,
2187,110100010001,71015.17655652555,False,
2188,001100010001,67306.57359331602,False,
2189,101100010001,61797.441444727614,False,
2190,011100010001,60487.36970624322,False,
2191,111100010001,47834.2175576548,False,
2192,000010010001,85499.04085370235,False,
2193,100010010001,76524.30870511394,False,
2194,010010010001,89289.45696662954,False,
2195,110010010001,73170.70481804114,False,
2196,001010010001,69462.10185483162,False,
2197,101010010001,60487.36970624322,False,
2198,011010010001,66108.49796775881,False,
2199,111010010001,49989.745819170406,False,
2200,000110010001,76614.61870511394,False,
2201,100110010001,71105.48655652555,False,
2202,010110010001,80405.03481804115,False,
2203,110110010001,67751.88266945274,False,
2204,001110010001,60577.679706243216,False,
2205,101110010001,55068.54755765481,False,
2206,011110010001,57224.07581917041,False,
2207,111110010001,44570.92367058201,False,
2208,000001010001,69137.28574190442,False,
2209,100001010001,60162.55359331601,False,
2210,010001010001,69462.10185483162,False,
2211,110001010001,53343.349706243214,False,
2212,001001010001,56565.94674303368,False,
2213,101001010001,47591.21459444527,False,
2214,011001010001,49746.74285596088,False,
2215,111001010001,33627.990707372475,False,
2216,000101010001,67396.88359331602,False,
2217,100101010001,61887.75144472761,False,
2218,010101010001,67721.6997062432,False,
2219,110101010001,55068.547557654805,False,
2220,001101010001,54825.54459444528,False,
2221,101101010001,49316.41244585687,False,
2222,011101010001,48006.34070737248,False,
2223,111101010001,35353.18855878408,False,
2224,000011010001,62408.391854831614,False,
2225,100011010001,53433.65970624321,False,
2226,010011010001,66198.80796775881,False,
2227,110011010001,50080.05581917041,False,
2228,001011010001,49837.05285596088,False,
2229,101011010001,40862.32070737248,False,
2230,011011010001,46483.448968888086,False,
2231,111011010001,30364.69682029968,False,
2232,000111010001,53523.96970624321,False,
2233,100111010001,48014.837557654806,False,
2234,010111010001,57314.385819170406,False,
2235,110111010001,44661.233670582005,False,
2236,001111010001,40952.630707372475,False,
2237,101111010001,35443.49855878408,False,
2238,011111010001,37599.02682029968,False,
2239,111111010001,24945.87467171128,False,
2240,000000110001,70421.68930615406,False,
2241,100000110001,68514.95715756566,False,
2242,010000110001,70746.50541908127,False,
2243,110000110001,61695.75327049285,False,
2244,001000110001,54384.75030728332,False,
2245,101000110001,52478.01815869492,False,
2246,011000110001,47565.54642021053,False,
2247,111000110001,38514.79427162212,False,
2248,000100110001,75749.28715756566,False,
2249,100100110001,77308.15500897726,False,
2250,010100110001,76074.10327049285,False,
2251,110100110001,70488.95112190445,False,
2252,001100110001,59712.34815869492,False,
2253,101100110001,61271.21601010652,False,
2254,011100110001,52893.14427162213,False,
2255,111100110001,47307.99212303372,False,
2256,000010110001,70836.81541908126,False,
2257,100010110001,68930.08327049286,False,
2258,010010110001,74627.23153200846,False,
2259,110010110001,65576.47938342005,False,
2260,001010110001,54799.87642021052,False,
2261,101010110001,52893.14427162212,False,
2262,011010110001,51446.27253313773,False,
2263,111010110001,42395.52038454931,False,
2264,000110110001,69020.39327049284,False,
2265,100110110001,70579.26112190445,False,
2266,010110110001,72810.80938342006,False,
2267,110110110001,67225.65723483164,False,
2268,001110110001,52983.454271622126,False,
2269,101110110001,54542.322123033715,False,
2270,011110110001,49629.850384549325,False,
2271,111110110001,44044.69823596091,False,
2272,000001110001,54475.06030728332,False,
2273,100001110001,52568.328158694916,False,
2274,010001110001,54799.87642021052,False,
2275,110001110001,45749.124271622124,False,
2276,001001110001,41903.7213084126,False,
2277,101001110001,39996.98915982418,False,
2278,011001110001,35084.5174213398,False,
2279,111001110001,26033.765272751396,False,
2280,000101110001,59802.65815869492,False,
2281,100101110001,61361.526010106514,False,
2282,010101110001,60127.47427162212,False,
2283,110101110001,54542.322123033715,False,
2284,001101110001,47231.3191598242,False,
2285,101101110001,48790.187011235794,False,
2286,011101110001,40412.11527275138,False,
2287,111101110001,34826.96312416298,False,
2288,000011110001,47746.166420210524,False,
2289,100011110001,45839.434271622114,False,
2290,010011110001,51536.58253313773,False,
2291,110011110001,42485.83038454932,False,
2292,001011110001,35174.827421339796,False,
2293,101011110001,33268.09527275138,False,
2294,011011110001,31821.22353426699,False,
2295,111011110001,22770.471385678582,False,
2296,000111110001,45929.74427162212,False,
2297,100111110001,47488.612123033716,False,
2298,010111110001,49720.16038454932,False,
2299,110111110001,44135.00823596091,False,
2300,001111110001,33358.40527275138,False,
2301,101111110001,34917.27312416298,False,
2302,011111110001,30004.801385678584,False,
2303,111111110001,24419.64923709017,False,
2304,000000001001,66129.54576276621,False,
2305,100000001001,57154.81361417781,False,
2306,010000001001,59386.36187569341,False,
2307,110000001001,43267.60972710501,False,
2308,001000001001,57160.606763895485,False,
2309,101000001001,48185.87461530708,False,
2310,011000001001,43273.40287682267,False,
2311,111000001001,27154.65072823427,False,
2312,000100001001,64389.14361417781,False,
2313,100100001001,58880.01146558941,False,
2314,010100001001,57645.959727105,False,
2315,110100001001,44992.8075785166,False,
2316,001100001001,55420.20461530707,False,
2317,101100001001,49911.072466718666,False,
2318,011100001001,41533.00072823427,False,
2319,111100001001,28879.84857964587,False,
2320,000010001001,59476.671875693406,False,
2321,100010001001,50501.939727105004,False,
2322,010010001001,56199.0879886206,False,
2323,110010001001,40080.3358400322,False,
2324,001010001001,50507.73287682267,False,
2325,101010001001,41533.00072823427,False,
2326,011010001001,40086.12898974988,False,
2327,111010001001,23967.376841161473,False,
2328,000110001001,50592.249727104994,False,
2329,100110001001,45083.1175785166,False,
2330,010110001001,47314.665840032205,False,
2331,110110001001,34661.5136914438,False,
2332,001110001001,41623.31072823427,False,
2333,101110001001,36114.17857964587,False,
2334,011110001001,31201.70684116146,False,
2335,111110001001,18548.55469257306,False,
2336,000001001001,57250.91676389547,False,
2337,100001001001,48276.184615307066,False,
2338,010001001001,50507.73287682267,False,
2339,110001001001,34388.980728234266,False,
2340,001001001001,51747.57776502474,False,
2341,101001001001,42772.84561643634,False,
2342,011001001001,37860.37387795193,False,
2343,111001001001,21741.621729363527,False,
2344,000101001001,55510.51461530707,False,
2345,100101001001,50001.38246671866,False,
2346,010101001001,48767.33072823427,False,
2347,110101001001,36114.17857964587,False,
2348,001101001001,50007.175616436325,False,
2349,101101001001,44498.04346784792,False,
2350,011101001001,36119.97172936355,False,
2351,111101001001,23466.819580775144,False,
2352,000011001001,43454.022876822666,False,
2353,100011001001,34479.290728234264,False,
2354,010011001001,40176.43898974988,False,
2355,110011001001,24057.68684116147,False,
2356,001011001001,37950.68387795193,False,
2357,101011001001,28975.95172936353,False,
2358,011011001001,27529.079990879134,False,
2359,111011001001,11410.327842290731,False,
2360,000111001001,34569.60072823427,False,
2361,100111001001,29060.468579645865,False,
2362,010111001001,31292.016841161458,False,
2363,110111001001,18638.864692573057,False,
2364,001111001001,29066.261729363527,False,
2365,101111001001,23557.129580775127,False,
2366,011111001001,18644.657842290733,False,
2367,111111001001,5991.505693702331,False,
2368,000000101001,66037.15032814512,False,
2369,100000101001,64130.41817955671,False,
2370,010000101001,59293.96644107231,False,
2371,110000101001,50243.21429248391,False,
2372,001000101001,57068.21132927439,False,
2373,101000101001,55161.47918068599,False,
2374,011000101001,43181.007442201575,False,
2375,111000101001,34130.255293613176,False,
2376,000100101001,71364.74817955671,False,
2377,100100101001,72923.61603096832,False,
2378,010100101001,64621.564292483905,False,
2379,110100101001,59036.412143895504,False,
2380,001100101001,62395.80918068599,False,
2381,101100101001,63954.677032097585,False,
2382,011100101001,48508.605293613175,False,
2383,111100101001,42923.453145024774,False,
2384,000010101001,59384.27644107232,False,
2385,100010101001,57477.544292483915,False,
2386,010010101001,56106.69255399951,False,
2387,110010101001,47055.94040541112,False,
2388,001010101001,50415.33744220158,False,
2389,101010101001,48508.605293613175,False,
2390,011010101001,39993.73355512877,False,
2391,111010101001,30942.981406540363,False,
2392,000110101001,57567.85429248391,False,
2393,100110101001,59126.72214389552,False,
2394,010110101001,54290.27040541111,False,
2395,110110101001,48705.11825682271,False,
2396,001110101001,48598.91529361317,False,
2397,101110101001,50157.783145024776,False,
2398,011110101001,38177.311406540364,False,
2399,111110101001,32592.159257951964,False,
2400,000001101001,57158.52132927439,False,
2401,100001101001,55251.789180685984,False,
2402,010001101001,50415.33744220158,False,
2403,110001101001,41364.58529361317,False,
2404,001001101001,51655.18233040366,False,
2405,101001101001,49748.45018181526,False,
2406,011001101001,37767.97844333085,False,
2407,111001101001,28717.226294742446,False,
2408,000101101001,62486.11918068597,False,
2409,100101101001,64044.98703209757,False,
2410,010101101001,55742.935293613176,False,
2411,110101101001,50157.783145024776,False,
2412,001101101001,56982.780181815244,False,
2413,101101101001,58541.64803322684,False,
2414,011101101001,43095.57629474245,False,
2415,111101101001,37510.42414615405,False,
2416,000011101001,43361.62744220157,False,
2417,100011101001,41454.89529361317,False,
2418,010011101001,40084.04355512878,False,
2419,110011101001,31033.291406540375,False,
2420,001011101001,37858.28844333085,False,
2421,101011101001,35951.55629474245,False,
2422,011011101001,27436.68455625804,False,
2423,111011101001,18385.932407669636,False,
2424,000111101001,41545.20529361317,False,
2425,100111101001,43104.07314502477,False,
2426,010111101001,38267.62140654038,False,
2427,110111101001,32682.469257951976,False,
2428,001111101001,36041.86629474243,False,
2429,101111101001,37600.734146154035,False,
2430,011111101001,25620.262407669637,False,
2431,111111101001,20035.110259081233,False,
2432,000000011001,41448.46349307826,False,
2433,100000011001,32473.73134448986,False,
2434,010000011001,41773.27960600545,False,
2435,110000011001,25654.527457417054,False,
2436,001000011001,32479.524494207522,False,
2437,101000011001,23504.79234561912,False,
2438,011000011001,25660.32060713473,False,
2439,111000011001,9541.568458546326,False,
2440,000100011001,39708.061344489855,False,
2441,100100011001,34198.929195901466,False,
2442,010100011001,40032.87745741705,False,
2443,110100011001,27379.725308828652,False,
2444,001100011001,30739.122345619122,False,
2445,101100011001,25229.990197030722,False,
2446,011100011001,23919.91845854633,False,
2447,111100011001,11266.766309957926,False,
2448,000010011001,41863.58960600545,False,
2449,100010011001,32888.85745741705,False,
2450,010010011001,45654.005718932654,False,
2451,110010011001,29535.253570344255,False,
2452,001010011001,32894.650607134725,False,
2453,101010011001,23919.918458546323,False,
2454,011010011001,29541.046720061917,False,
2455,111010011001,13422.294571473514,False,
2456,000110011001,32979.167457417054,False,
2457,100110011001,27470.03530882865,False,
2458,010110011001,36769.58357034424,False,
2459,110110011001,24116.43142175584,False,
2460,001110011001,24010.228458546328,False,
2461,101110011001,18501.096309957924,False,
2462,011110011001,20656.624571473516,False,
2463,111110011001,8003.472422885114,False,
2464,000001011001,32569.83449420752,False,
2465,100001011001,23595.102345619118,False,
2466,010001011001,32894.650607134725,False,
2467,110001011001,16775.898458546326,False,
2468,001001011001,27066.495495336792,False,
2469,101001011001,18091.76334674839,False,
2470,011001011001,20247.291608263986,False,
2471,111001011001,4128.539459675583,False,
2472,000101011001,30829.43234561912,False,
2473,100101011001,25320.30019703072,False,
2474,010101011001,31154.248458546324,False,
2475,110101011001,18501.096309957924,False,
2476,001101011001,25326.093346748377,False,
2477,101101011001,19816.96119815998,False,
2478,011101011001,18506.889459675585,False,
2479,111101011001,5853.737311087183,False,
2480,000011011001,25840.94060713471,False,
2481,100011011001,16866.20845854631,False,
2482,010011011001,29631.35672006193,False,
2483,110011011001,13512.604571473526,False,
2484,001011011001,20337.601608263984,False,
2485,101011011001,11362.869459675583,False,
2486,011011011001,16983.99772119119,False,
2487,111011011001,865.2455726027856,False,
2488,000111011001,16956.51845854632,False,
2489,100111011001,11447.386309957921,False,
2490,010111011001,20746.934571473514,False,
2491,110111011001,8093.782422885111,False,
2492,001111011001,11453.179459675583,False,
2493,101111011001,5944.047311087181,False,
2494,011111011001,8099.575572602787,False,
2495,111111011001,-4553.576575985615,False,
2496,000000111001,26786.23805845717,False,
2497,100000111001,24879.505909868767,False,
2498,010000111001,27111.05417138436,False,
2499,110000111001,18060.302022795957,False,
2500,001000111001,17817.299059586443,False,
2501,101000111001,15910.56691099804,False,
2502,011000111001,10998.095172513633,False,
2503,111000111001,1947.3430239252302,False,
2504,000100111001,32113.83590986876,False,
2505,100100111001,33672.703761280354,False,
2506,010100111001,32438.65202279596,False,
2507,110100111001,26853.49987420756,False,
2508,001100111001,23144.896910998028,False,
2509,101100111001,24703.764762409624,False,
2510,011100111001,16325.693023925232,False,
2511,111100111001,10740.540875336828,False,
2512,000010111001,27201.36417138437,False,
2513,100010111001,25294.63202279597,False,
2514,010010111001,30991.78028431156,False,
2515,110010111001,21941.02813572316,False,
2516,001010111001,18232.42517251363,False,
2517,101010111001,16325.693023925229,False,
2518,011010111001,14878.821285440823,False,
2519,111010111001,5828.069136852417,False,
2520,000110111001,25384.94202279597,False,
2521,100110111001,26943.80987420757,False,
2522,010110111001,29175.358135723163,False,
2523,110110111001,23590.20598713476,False,
2524,001110111001,16416.003023925216,False,
2525,101110111001,17974.870875336812,False,
2526,011110111001,13062.399136852418,False,
2527,111110111001,7477.246988264018,False,
2528,000001111001,17907.609059586426,False,
2529,100001111001,16000.876910998024,False,
2530,010001111001,18232.42517251363,False,
2531,110001111001,9181.673023925228,False,
2532,001001111001,12404.270060715698,False,
2533,101001111001,10497.537912127296,False,
2534,011001111001,5585.0661736429065,False,
2535,111001111001,-3465.6859749454998,False,
2536,000101111001,23235.206910998026,False,
2537,100101111001,24794.074762409622,False,
2538,010101111001,23560.023023925216,False,
2539,110101111001,17974.870875336816,False,
2540,001101111001,17731.867912127298,False,
2541,101101111001,19290.73576353889,False,
2542,011101111001,10912.664025054492,False,
2543,111101111001,5327.511876466089,False,
2544,000011111001,11178.715172513628,False,
2545,100011111001,9271.983023925226,False,
2546,010011111001,14969.131285440835,False,
2547,110011111001,5918.379136852429,False,
2548,001011111001,5675.37617364289,False,
2549,101011111001,3768.644025054484,False,
2550,011011111001,2321.7722865700925,False,
2551,111011111001,-6728.97986201831,True,41342.0936310433
2552,000111111001,9362.293023925227,False,
2553,100111111001,10921.160875336824,False,
2554,010111111001,13152.70913685243,False,
2555,110111111001,7567.55698826403,False,
2556,001111111001,3858.954025054485,False,
2557,101111111001,5417.821876466087,False,
2558,011111111001,505.3501379816771,False,
2559,111111111001,-5079.802010606727,True,42085.67438481325
2560,000000000101,94359.78282398466,False,
2561,100000000101,87893.05067539625,False,
2562,010000000101,87616.59893691185,False,
2563,110000000101,74005.84678832344,False,
2564,001000000101,78322.84382511393,False,
2565,101000000101,71856.11167652551,False,
2566,011000000101,64435.63993804112,False,
2567,111000000101,50824.88778945272,False,
2568,000100000101,95127.38067539624,False,
2569,100100000101,92126.24852680785,False,
2570,010100000101,88384.19678832345,False,
2571,110100000101,78239.04463973505,False,
2572,001100000101,79090.44167652552,False,
2573,101100000101,76089.30952793712,False,
2574,011100000101,65203.2377894527,False,
2575,111100000101,55058.0856408643,False,
2576,000010000101,87706.90893691184,False,
2577,100010000101,81240.17678832344,False,
2578,010010000101,84429.32504983906,False,
2579,110010000101,70818.57290125065,False,
2580,001010000101,71669.96993804112,False,
2581,101010000101,65203.237789452716,False,
2582,011010000101,61248.36605096832,False,
2583,111010000101,47637.61390237991,False,
2584,000110000101,81330.48678832344,False,
2585,100110000101,78329.35463973504,False,
2586,010110000101,78052.90290125065,False,
2587,110110000101,67907.75075266225,False,
2588,001110000101,65293.5477894527,False,
2589,101110000101,62292.41564086431,False,
2590,011110000101,54871.943902379906,False,
2591,111110000101,44726.791753791505,False,
2592,000001000101,78413.15382511393,False,
2593,100001000101,71946.42167652551,False,
2594,010001000101,71669.96993804112,False,
2595,110001000101,58059.21778945271,False,
2596,001001000101,65841.8148262432,False,
2597,101001000101,59375.082677654784,False,
2598,011001000101,51954.61093917039,False,
2599,111001000101,38343.85879058197,False,
2600,000101000101,79180.75167652551,False,
2601,100101000101,76179.61952793712,False,
2602,010101000101,72437.5677894527,False,
2603,110101000101,62292.4156408643,False,
2604,001101000101,66609.41267765478,False,
2605,101101000101,63608.28052906637,False,
2606,011101000101,52722.20879058198,False,
2607,111101000101,42577.05664199358,False,
2608,000011000101,64616.25993804111,False,
2609,100011000101,58149.52778945271,False,
2610,010011000101,61338.676050968315,False,
2611,110011000101,47727.92390237991,False,
2612,001011000101,52044.920939170384,False,
2613,101011000101,45578.188790581975,False,
2614,011011000101,41623.31705209758,False,
2615,111011000101,28012.564903509177,False,
2616,000111000101,58239.8377894527,False,
2617,100111000101,55238.705640864304,False,
2618,010111000101,54962.2539023799,False,
2619,110111000101,44817.1017537915,False,
2620,001111000101,45668.49879058197,False,
2621,101111000101,42667.366641993576,False,
2622,011111000101,35246.89490350918,False,
2623,111111000101,25101.74275492078,False,
2624,000000100101,99382.38738936356,False,
2625,100000100101,99983.65524077516,False,
2626,010000100101,92639.20350229077,False,
2627,110000100101,86096.45135370236,False,
2628,001000100101,83345.44839049282,False,
2629,101000100101,83946.71624190442,False,
2630,011000100101,69458.24450342002,False,
2631,111000100101,62915.49235483162,False,
2632,000100100101,107217.98524077516,False,
2633,100100100101,111284.85309218676,False,
2634,010100100101,100474.80135370235,False,
2635,110100100101,97397.64920511395,False,
2636,001100100101,91181.04624190442,False,
2637,101100100101,95247.91409331601,False,
2638,011100100101,77293.84235483162,False,
2639,111100100101,74216.69020624322,False,
2640,000010100101,92729.51350229076,False,
2641,100010100101,93330.78135370236,False,
2642,010010100101,89451.92961521796,False,
2643,110010100101,82909.17746662955,False,
2644,001010100101,76692.57450342004,False,
2645,101010100101,77293.84235483162,False,
2646,011010100101,66270.97061634723,False,
2647,111010100101,59728.218467758816,False,
2648,000110100101,93421.09135370234,False,
2649,100110100101,97487.95920511395,False,
2650,010110100101,90143.50746662955,False,
2651,110110100101,87066.35531804114,False,
2652,001110100101,77384.15235483162,False,
2653,101110100101,81451.0202062432,False,
2654,011110100101,66962.54846775882,False,
2655,111110100101,63885.39631917041,False,
2656,000001100101,83435.75839049283,False,
2657,100001100101,84037.02624190442,False,
2658,010001100101,76692.57450342002,False,
2659,110001100101,70149.82235483162,False,
2660,001001100101,70864.4193916221,False,
2661,101001100101,71465.6872430337,False,
2662,011001100101,56977.2155045493,False,
2663,111001100101,50434.46335596089,False,
2664,000101100101,91271.35624190442,False,
2665,100101100101,95338.224093316,False,
2666,010101100101,84528.17235483162,False,
2667,110101100101,81451.0202062432,False,
2668,001101100101,78700.01724303368,False,
2669,101101100101,82766.88509444529,False,
2670,011101100101,64812.81335596088,False,
2671,111101100101,61735.66120737248,False,
2672,000011100101,69638.86450342003,False,
2673,100011100101,70240.13235483161,False,
2674,010011100101,66361.28061634723,False,
2675,110011100101,59818.52846775881,False,
2676,001011100101,57067.525504549296,False,
2677,101011100101,57668.793355960894,False,
2678,011011100101,46645.92161747649,False,
2679,111011100101,40103.16946888808,False,
2680,000111100101,70330.44235483161,False,
2681,100111100101,74397.31020624322,False,
2682,010111100101,67052.85846775882,False,
2683,110111100101,63975.70631917041,False,
2684,001111100101,57759.103355960884,False,
2685,101111100101,61825.97120737248,False,
2686,011111100101,47337.49946888808,False,
2687,111111100101,44260.34732029967,False,
2688,000000010101,84248.53055429671,False,
2689,100000010101,77781.7984057083,False,
2690,010000010101,84573.3466672239,False,
2691,110000010101,70962.5945186355,False,
2692,001000010101,68211.59155542597,False,
2693,101000010101,61744.85940683757,False,
2694,011000010101,61392.38766835317,False,
2695,111000010101,47781.63551976476,False,
2696,000100010101,85016.1284057083,False,
2697,100100010101,82014.9962571199,False,
2698,010100010101,85340.9445186355,False,
2699,110100010101,75195.79237004709,False,
2700,001100010101,68979.18940683757,False,
2701,101100010101,65978.05725824916,False,
2702,011100010101,62159.985519764756,False,
2703,111100010101,52014.833371176355,False,
2704,000010010101,84663.6566672239,False,
2705,100010010101,78196.9245186355,False,
2706,010010010101,88454.0727801511,False,
2707,110010010101,74843.32063156269,False,
2708,001010010101,68626.71766835317,False,
2709,101010010101,62159.98551976476,False,
2710,011010010101,65273.113781280364,False,
2711,111010010101,51662.36163269196,False,
2712,000110010101,78287.2345186355,False,
2713,100110010101,75286.10237004708,False,
2714,010110010101,82077.6506315627,False,
2715,110110010101,71932.49848297429,False,
2716,001110010101,62250.29551976475,False,
2717,101110010101,59249.16337117636,False,
2718,011110010101,58896.69163269196,False,
2719,111110010101,48751.53948410356,False,
2720,000001010101,68301.90155542597,False,
2721,100001010101,61835.169406837565,False,
2722,010001010101,68626.71766835317,False,
2723,110001010101,55015.96551976475,False,
2724,001001010101,55730.56255655523,False,
2725,101001010101,49263.83040796682,False,
2726,011001010101,48911.35866948243,False,
2727,111001010101,35300.60652089403,False,
2728,000101010101,69069.49940683757,False,
2729,100101010101,66068.36725824917,False,
2730,010101010101,69394.31551976476,False,
2731,110101010101,59249.16337117636,False,
2732,001101010101,56498.16040796683,False,
2733,101101010101,53497.02825937842,False,
2734,011101010101,49678.95652089402,False,
2735,111101010101,39533.80437230562,False,
2736,000011010101,61573.007668353166,False,
2737,100011010101,55106.275519764764,False,
2738,010011010101,65363.42378128036,False,
2739,110011010101,51752.671632691956,False,
2740,001011010101,49001.66866948243,False,
2741,101011010101,42534.93652089403,False,
2742,011011010101,45648.06478240962,False,
2743,111011010101,32037.312633821217,False,
2744,000111010101,55196.58551976476,False,
2745,100111010101,52195.45337117636,False,
2746,010111010101,58987.00163269195,False,
2747,110111010101,48841.84948410354,False,
2748,001111010101,42625.24652089403,False,
2749,101111010101,39624.11437230563,False,
2750,011111010101,39271.64263382122,False,
2751,111111010101,29126.490485232818,False,
2752,000000110101,74701.30511967561,False,
2753,100000110101,75302.5729710872,False,
2754,010000110101,75026.1212326028,False,
2755,110000110101,68483.3690840144,False,
2756,001000110101,58664.36612080487,False,
2757,101000110101,59265.63397221647,False,
2758,011000110101,51845.16223373208,False,
2759,111000110101,45302.41008514367,False,
2760,000100110101,82536.90297108721,False,
2761,100100110101,86603.7708224988,False,
2762,010100110101,82861.7190840144,False,
2763,110100110101,79784.566935426,False,
2764,001100110101,66499.96397221647,False,
2765,101100110101,70566.83182362808,False,
2766,011100110101,59680.76008514367,False,
2767,111100110101,56603.60793655526,False,
2768,000010110101,75116.43123260282,False,
2769,100010110101,75717.6990840144,False,
2770,010010110101,78906.84734553001,False,
2771,110010110101,72364.0951969416,False,
2772,001010110101,59079.492233732075,False,
2773,101010110101,59680.760085143665,False,
2774,011010110101,55725.888346659274,False,
2775,111010110101,49183.13619807086,False,
2776,000110110101,75808.0090840144,False,
2777,100110110101,79874.876935426,False,
2778,010110110101,79598.4251969416,False,
2779,110110110101,76521.2730483532,False,
2780,001110110101,59771.07008514368,False,
2781,101110110101,63837.93793655526,False,
2782,011110110101,56417.46619807086,False,
2783,111110110101,53340.31404948246,False,
2784,000001110101,58754.67612080487,False,
2785,100001110101,59355.94397221647,False,
2786,010001110101,59079.492233732075,False,
2787,110001110101,52536.74008514367,False,
2788,001001110101,46183.33712193415,False,
2789,101001110101,46784.604973345726,False,
2790,011001110101,39364.133234861336,False,
2791,111001110101,32821.38108627293,False,
2792,000101110101,66590.27397221647,False,
2793,100101110101,70657.14182362807,False,
2794,010101110101,66915.09008514366,False,
2795,110101110101,63837.93793655526,False,
2796,001101110101,54018.93497334574,False,
2797,101101110101,58085.802824757346,False,
2798,011101110101,47199.731086272935,False,
2799,111101110101,44122.578937684535,False,
2800,000011110101,52025.782233732076,False,
2801,100011110101,52627.05008514367,False,
2802,010011110101,55816.19834665927,False,
2803,110011110101,49273.44619807086,False,
2804,001011110101,39454.44323486135,False,
2805,101011110101,40055.71108627293,False,
2806,011011110101,36100.83934778854,False,
2807,111011110101,29558.087199200134,False,
2808,000111110101,52717.36008514367,False,
2809,100111110101,56784.22793655526,False,
2810,010111110101,56507.77619807086,False,
2811,110111110101,53430.62404948246,False,
2812,001111110101,40146.02108627293,False,
2813,101111110101,44212.88893768453,False,
2814,011111110101,36792.41719920012,False,
2815,111111110101,33715.26505061172,False,
2816,000000001101,65294.16157628776,False,
2817,100000001101,58827.42942769936,False,
2818,010000001101,58550.97768921496,False,
2819,110000001101,44940.22554062656,False,
2820,001000001101,56325.22257741702,False,
2821,101000001101,49858.49042882862,False,
2822,011000001101,42438.01869034422,False,
2823,111000001101,28827.266541755824,False,
2824,000100001101,66061.75942769935,False,
2825,100100001101,63060.62727911095,False,
2826,010100001101,59318.57554062655,False,
2827,110100001101,49173.42339203815,False,
2828,001100001101,57092.82042882862,False,
2829,101100001101,54091.68828024022,False,
2830,011100001101,43205.61654175582,False,
2831,111100001101,33060.46439316742,False,
2832,000010001101,58641.28768921496,False,
2833,100010001101,52174.555540626556,False,
2834,010010001101,55363.703802142154,False,
2835,110010001101,41752.951653553755,False,
2836,001010001101,49672.348690344224,False,
2837,101010001101,43205.61654175582,False,
2838,011010001101,39250.74480327143,False,
2839,111010001101,25639.992654683025,False,
2840,000110001101,52264.865540626546,False,
2841,100110001101,49263.73339203815,False,
2842,010110001101,48987.28165355375,False,
2843,110110001101,38842.129504965334,False,
2844,001110001101,43295.92654175582,False,
2845,101110001101,40294.79439316742,False,
2846,011110001101,32874.32265468301,False,
2847,111110001101,22729.17050609461,False,
2848,000001001101,56415.53257741702,False,
2849,100001001101,49948.80042882862,False,
2850,010001001101,49672.348690344224,False,
2851,110001001101,36061.59654175582,False,
2852,001001001101,50912.19357854629,False,
2853,101001001101,44445.46142995789,False,
2854,011001001101,37024.989691473485,False,
2855,111001001101,23414.23754288508,False,
2856,000101001101,57183.13042882862,False,
2857,100101001101,54181.998280240216,False,
2858,010101001101,50439.946541755824,False,
2859,110101001101,40294.79439316742,False,
2860,001101001101,51679.79142995788,False,
2861,101101001101,48678.65928136947,False,
2862,011101001101,37792.587542885085,False,
2863,111101001101,27647.43539429668,False,
2864,000011001101,42618.63869034422,False,
2865,100011001101,36151.906541755816,False,
2866,010011001101,39341.05480327143,False,
2867,110011001101,25730.302654683022,False,
2868,001011001101,37115.29969147348,False,
2869,101011001101,30648.56754288508,False,
2870,011011001101,26693.695804400686,False,
2871,111011001101,13082.943655812283,False,
2872,000111001101,36242.21654175582,False,
2873,100111001101,33241.08439316742,False,
2874,010111001101,32964.63265468301,False,
2875,110111001101,22819.48050609461,False,
2876,001111001101,30738.87754288508,False,
2877,101111001101,27737.74539429668,False,
2878,011111001101,20317.273655812285,False,
2879,111111001101,10172.121507223883,False,
2880,000000101101,70316.76614166667,False,
2881,100000101101,70918.03399307826,False,
2882,010000101101,63573.582254593864,False,
2883,110000101101,57030.830106005465,False,
2884,001000101101,61347.82714279594,False,
2885,101000101101,61949.09499420754,False,
2886,011000101101,47460.62325572313,False,
2887,111000101101,40917.87110713473,False,
2888,000100101101,78152.36399307827,False,
2889,100100101101,82219.23184448986,False,
2890,010100101101,71409.18010600546,False,
2891,110100101101,68332.02795741706,False,
2892,001100101101,69183.42499420753,False,
2893,101100101101,73250.29284561911,False,
2894,011100101101,55296.22110713473,False,
2895,111100101101,52219.068958546326,False,
2896,000010101101,63663.89225459387,False,
2897,100010101101,64265.16010600547,False,
2898,010010101101,60386.308367521066,False,
2899,110010101101,53843.556218932674,False,
2900,001010101101,54694.95325572313,False,
2901,101010101101,55296.22110713473,False,
2902,011010101101,44273.34936865032,False,
2903,111010101101,37730.597220061914,False,
2904,000110101101,64355.470106005465,False,
2905,100110101101,68422.33795741707,False,
2906,010110101101,61077.88621893266,False,
2907,110110101101,58000.73407034426,False,
2908,001110101101,55386.53110713471,False,
2909,101110101101,59453.39895854631,False,
2910,011110101101,44964.927220061916,False,
2911,111110101101,41887.775071473516,False,
2912,000001101101,61438.13714279594,False,
2913,100001101101,62039.404994207536,False,
2914,010001101101,54694.95325572313,False,
2915,110001101101,48152.20110713472,False,
2916,001001101101,55934.79814392521,False,
2917,101001101101,56536.06599533681,False,
2918,011001101101,42047.594256852404,False,
2919,111001101101,35504.842108264,False,
2920,000101101101,69273.73499420752,False,
2921,100101101101,73340.60284561911,False,
2922,010101101101,62530.551107134714,False,
2923,110101101101,59453.39895854631,False,
2924,001101101101,63770.395995336796,False,
2925,101101101101,67837.26384674839,False,
2926,011101101101,49883.19210826399,False,
2927,111101101101,46806.03995967559,False,
2928,000011101101,47641.24325572312,False,
2929,100011101101,48242.51110713472,False,
2930,010011101101,44363.65936865033,False,
2931,110011101101,37820.90722006193,False,
2932,001011101101,42137.9042568524,False,
2933,101011101101,42739.172108264,False,
2934,011011101101,31716.30036977959,False,
2935,111011101101,25173.548221191188,False,
2936,000111101101,48332.821107134725,False,
2937,100111101101,52399.68895854632,False,
2938,010111101101,45055.23722006193,False,
2939,110111101101,41978.08507147353,False,
2940,001111101101,42829.48210826398,False,
2941,101111101101,46896.34995967559,False,
2942,011111101101,32407.878221191175,False,
2943,111111101101,29330.72607260277,False,
2944,000000011101,40613.07930659981,False,
2945,100000011101,34146.3471580114,False,
2946,010000011101,40937.895419527005,False,
2947,110000011101,27327.143270938606,False,
2948,001000011101,31644.140307729074,False,
2949,101000011101,25177.408159140672,False,
2950,011000011101,24824.936420656268,False,
2951,111000011101,11214.184272067863,False,
2952,000100011101,41380.6771580114,False,
2953,100100011101,38379.545009423004,False,
2954,010100011101,41705.493270938605,False,
2955,110100011101,31560.341122350204,False,
2956,001100011101,32411.738159140674,False,
2957,101100011101,29410.60601055227,False,
2958,011100011101,25592.534272067867,False,
2959,111100011101,15447.382123479463,False,
2960,000010011101,41028.205419527,False,
2961,100010011101,34561.4732709386,False,
2962,010010011101,44818.621532454206,False,
2963,110010011101,31207.869383865807,False,
2964,001010011101,32059.266420656262,False,
2965,101010011101,25592.53427206786,False,
2966,011010011101,28705.66253358347,False,
2967,111010011101,15094.910384995066,False,
2968,000110011101,34651.783270938606,False,
2969,100110011101,31650.651122350202,False,
2970,010110011101,38442.199383865795,False,
2971,110110011101,28297.047235277394,False,
2972,001110011101,25682.844272067865,False,
2973,101110011101,22681.71212347946,False,
2974,011110011101,22329.240384995068,False,
2975,111110011101,12184.088236406666,False,
2976,000001011101,31734.450307729072,False,
2977,100001011101,25267.71815914067,False,
2978,010001011101,32059.266420656262,False,
2979,110001011101,18448.514272067863,False,
2980,001001011101,26231.111308858344,False,
2981,101001011101,19764.379160269942,False,
2982,011001011101,19411.907421785538,False,
2983,111001011101,5801.155273197133,False,
2984,000101011101,32502.04815914067,False,
2985,100101011101,29500.916010552268,False,
2986,010101011101,32826.86427206786,False,
2987,110101011101,22681.71212347946,False,
2988,001101011101,26998.70916026993,False,
2989,101101011101,23997.577011681533,False,
2990,011101011101,20179.505273197123,False,
2991,111101011101,10034.35312460872,False,
2992,000011011101,25005.556420656263,False,
2993,100011011101,18538.82427206786,False,
2994,010011011101,28795.972533583466,False,
2995,110011011101,15185.220384995064,False,
2996,001011011101,19502.217421785535,False,
2997,101011011101,13035.485273197135,False,
2998,011011011101,16148.613534712727,False,
2999,111011011101,2537.861386124323,False,
3000,000111011101,18629.134272067873,False,
3001,100111011101,15628.002123479473,False,
3002,010111011101,22419.550384995066,False,
3003,110111011101,12274.398236406663,False,
3004,001111011101,13125.795273197133,False,
3005,101111011101,10124.663124608733,False,
3006,011111011101,9772.191386124325,False,
3007,111111011101,-372.96076246407574,False,
3008,000000111101,31065.853871978714,False,
3009,100000111101,31667.12172339032,False,
3010,010000111101,31390.66998490591,False,
3011,110000111101,24847.91783631751,False,
3012,001000111101,22096.914873107995,False,
3013,101000111101,22698.182724519593,False,
3014,011000111101,15277.710986035185,False,
3015,111000111101,8734.958837446782,False,
3016,000100111101,38901.4517233903,False,
3017,100100111101,42968.319574801906,False,
3018,010100111101,39226.26783631751,False,
3019,110100111101,36149.11568772911,False,
3020,001100111101,29932.51272451958,False,
3021,101100111101,33999.38057593117,False,
3022,011100111101,23113.308837446784,False,
3023,111100111101,20036.15668885838,False,
3024,000010111101,31480.979984905916,False,
3025,100010111101,32082.247836317507,False,
3026,010010111101,35271.396097833116,False,
3027,110010111101,28728.643949244713,False,
3028,001010111101,22512.040986035183,False,
3029,101010111101,23113.308837446777,False,
3030,011010111101,19158.437098962375,False,
3031,111010111101,12615.684950373969,False,
3032,000110111101,32172.55783631751,False,
3033,100110111101,36239.425687729105,False,
3034,010110111101,35962.97394924471,False,
3035,110110111101,32885.82180065631,False,
3036,001110111101,23203.618837446767,False,
3037,101110111101,27270.486688858364,False,
3038,011110111101,19850.01495037397,False,
3039,111110111101,16772.862801785566,False,
3040,000001111101,22187.224873107978,False,
3041,100001111101,22788.492724519576,False,
3042,010001111101,22512.040986035183,False,
3043,110001111101,15969.28883744678,False,
3044,001001111101,16683.88587423725,False,
3045,101001111101,17285.153725648845,False,
3046,011001111101,9864.681987164458,False,
3047,111001111101,3321.929838576052,False,
3048,000101111101,30022.822724519578,False,
3049,100101111101,34089.69057593117,False,
3050,010101111101,30347.638837446764,False,
3051,110101111101,27270.486688858364,False,
3052,001101111101,24519.483725648846,False,
3053,101101111101,28586.351577060443,False,
3054,011101111101,17700.27983857604,False,
3055,111101111101,14623.12768998764,False,
3056,000011111101,15458.33098603518,False,
3057,100011111101,16059.598837446778,False,
3058,010011111101,19248.747098962373,False,
3059,110011111101,12705.994950373966,False,
3060,001011111101,9954.991987164442,False,
3061,101011111101,10556.259838576038,False,
3062,011011111101,6601.388100091646,False,
3063,111011111101,58.635951503239994,False,
3064,000111111101,16149.90883744678,False,
3065,100111111101,20216.776688858376,False,
3066,010111111101,19940.324950373968,False,
3067,110111111101,16863.172801785564,False,
3068,001111111101,10646.569838576037,False,
3069,101111111101,14713.437689987637,False,
3070,011111111101,7292.965951503227,False,
3071,111111111101,4215.813802914827,False,
3072,000000000011,85139.47459218674,False,
3073,100000000011,76164.74244359833,False,
3074,010000000011,80904.29070511393,False,
3075,110000000011,64785.53855652553,False,
3076,001000000011,69102.535593316,False,
3077,101000000011,60127.8034447276,False,
3078,011000000011,57723.331706243196,False,
3079,111000000011,41604.57955765478,False,
3080,000100000011,83399.07244359834,False,
3081,100100000011,77889.94029500992,False,
3082,010100000011,79163.88855652553,False,
3083,110100000011,66510.73640793713,False,
3084,001100000011,67362.1334447276,False,
3085,101100000011,61853.00129613919,False,
3086,011100000011,55982.92955765479,False,
3087,111100000011,43329.77740906639,False,
3088,000010000011,80994.60070511395,False,
3089,100010000011,72019.86855652553,False,
3090,010010000011,80225.01681804113,False,
3091,110010000011,64106.26466945273,False,
3092,001010000011,64957.66170624319,False,
3093,101010000011,55982.92955765479,False,
3094,011010000011,57044.05781917039,False,
3095,111010000011,40925.30567058199,False,
3096,000110000011,72110.17855652553,False,
3097,100110000011,66601.04640793713,False,
3098,010110000011,71340.59466945272,False,
3099,110110000011,58687.442520864315,False,
3100,001110000011,56073.239557654786,False,
3101,101110000011,50564.10740906638,False,
3102,011110000011,48159.63567058199,False,
3103,111110000011,35506.48352199359,False,
3104,000001000011,69192.845593316,False,
3105,100001000011,60218.1134447276,False,
3106,010001000011,64957.66170624319,False,
3107,110001000011,48838.90955765479,False,
3108,001001000011,56621.506594445265,False,
3109,101001000011,47646.774445856856,False,
3110,011001000011,45242.30270737246,False,
3111,111001000011,29123.55055878406,False,
3112,000101000011,67452.44344472759,False,
3113,100101000011,61943.31129613919,False,
3114,010101000011,63217.25955765479,False,
3115,110101000011,50564.10740906639,False,
3116,001101000011,54881.10444585686,False,
3117,101101000011,49371.972297268454,False,
3118,011101000011,43501.90055878406,False,
3119,111101000011,30848.748410195658,False,
3120,000011000011,57903.9517062432,False,
3121,100011000011,48929.21955765479,False,
3122,010011000011,57134.36781917039,False,
3123,110011000011,41015.61567058199,False,
3124,001011000011,45332.61270737246,False,
3125,101011000011,36357.880558784054,False,
3126,011011000011,37419.00882029966,False,
3127,111011000011,21300.25667171126,False,
3128,000111000011,49019.52955765478,False,
3129,100111000011,43510.39740906638,False,
3130,010111000011,48249.94567058199,False,
3131,110111000011,35596.79352199359,False,
3132,001111000011,36448.19055878405,False,
3133,101111000011,30939.058410195656,False,
3134,011111000011,28534.586671711248,False,
3135,111111000011,15881.434523122845,False,
3136,000000100011,85047.07915756565,False,
3137,100000100011,83140.34700897725,False,
3138,010000100011,80811.89527049284,False,
3139,110000100011,71761.14312190443,False,
3140,001000100011,69010.14015869492,False,
3141,101000100011,67103.4080101065,False,
3142,011000100011,57630.93627162211,False,
3143,111000100011,48580.1841230337,False,
3144,000100100011,90374.67700897723,False,
3145,100100100011,91933.54486038882,False,
3146,010100100011,86139.49312190444,False,
3147,110100100011,80554.34097331604,False,
3148,001100100011,74337.7380101065,False,
3149,101100100011,75896.6058615181,False,
3150,011100100011,62958.53412303371,False,
3151,111100100011,57373.3819744453,False,
3152,000010100011,80902.20527049284,False,
3153,100010100011,78995.47312190443,False,
3154,010010100011,80132.62138342003,False,
3155,110010100011,71081.86923483164,False,
3156,001010100011,64865.26627162211,False,
3157,101010100011,62958.53412303371,False,
3158,011010100011,56951.6623845493,False,
3159,111010100011,47900.9102359609,False,
3160,000110100011,79085.78312190443,False,
3161,100110100011,80644.65097331603,False,
3162,010110100011,78316.19923483164,False,
3163,110110100011,72731.04708624323,False,
3164,001110100011,63048.844123033705,False,
3165,101110100011,64607.7119744453,False,
3166,011110100011,55135.2402359609,False,
3167,111110100011,49550.08808737249,False,
3168,000001100011,69100.45015869492,False,
3169,100001100011,67193.7180101065,False,
3170,010001100011,64865.26627162211,False,
3171,110001100011,55814.514123033696,False,
3172,001001100011,56529.11115982418,False,
3173,101001100011,54622.379011235775,False,
3174,011001100011,45149.90727275137,False,
3175,111001100011,36099.155124162964,False,
3176,000101100011,74428.0480101065,False,
3177,100101100011,75986.9158615181,False,
3178,010101100011,70192.86412303371,False,
3179,110101100011,64607.711974445294,False,
3180,001101100011,61856.70901123577,False,
3181,101101100011,63415.57686264736,False,
3182,011101100011,50477.50512416297,False,
3183,111101100011,44892.35297557456,False,
3184,000011100011,57811.5562716221,False,
3185,100011100011,55904.8241230337,False,
3186,010011100011,57041.9723845493,False,
3187,110011100011,47991.22023596089,False,
3188,001011100011,45240.21727275137,False,
3189,101011100011,43333.48512416296,False,
3190,011011100011,37326.61338567857,False,
3191,111011100011,28275.861237090165,False,
3192,000111100011,55995.1341230337,False,
3193,100111100011,57554.00197444529,False,
3194,010111100011,55225.5502359609,False,
3195,110111100011,49640.398087372494,False,
3196,001111100011,43423.79512416296,False,
3197,101111100011,44982.66297557456,False,
3198,011111100011,35510.19123709016,False,
3199,111111100011,29925.039088501762,False,
3200,000000010011,80143.22232249878,False,
3201,100000010011,71168.49017391038,False,
3202,010000010011,82976.03843542599,False,
3203,110000010011,66857.28628683757,False,
3204,001000010011,64106.28332362806,False,
3205,101000010011,55131.55117503964,False,
3206,011000010011,59795.07943655524,False,
3207,111000010011,43676.32728796684,False,
3208,000100010011,78402.82017391038,False,
3209,100100010011,72893.68802532197,False,
3210,010100010011,81235.63628683759,False,
3211,110100010011,68582.48413824917,False,
3212,001100010011,62365.88117503964,False,
3213,101100010011,56856.74902645124,False,
3214,011100010011,58054.67728796684,False,
3215,111100010011,45401.52513937844,False,
3216,000010010011,83066.34843542599,False,
3217,100010010011,74091.61628683758,False,
3218,010010010011,89364.76454835318,False,
3219,110010010011,73246.01239976478,False,
3220,001010010011,67029.40943655524,False,
3221,101010010011,58054.67728796684,False,
3222,011010010011,66183.80554948245,False,
3223,111010010011,50065.053400894045,False,
3224,000110010011,74181.92628683758,False,
3225,100110010011,68672.79413824917,False,
3226,010110010011,80480.34239976478,False,
3227,110110010011,67827.19025117636,False,
3228,001110010011,58144.98728796684,False,
3229,101110010011,52635.85513937844,False,
3230,011110010011,57299.38340089404,False,
3231,111110010011,44646.23125230563,False,
3232,000001010011,64196.59332362804,False,
3233,100001010011,55221.86117503964,False,
3234,010001010011,67029.40943655524,False,
3235,110001010011,50910.657287966846,False,
3236,001001010011,51625.25432475731,False,
3237,101001010011,42650.52217616891,False,
3238,011001010011,47314.05043768451,False,
3239,111001010011,31195.298289096114,False,
3240,000101010011,62456.19117503964,False,
3241,100101010011,56947.05902645124,False,
3242,010101010011,65289.007287966844,False,
3243,110101010011,52635.85513937844,False,
3244,001101010011,49884.85217616891,False,
3245,101101010011,44375.72002758051,False,
3246,011101010011,45573.64828909611,False,
3247,111101010011,32920.4961405077,False,
3248,000011010011,59975.69943655524,False,
3249,100011010011,51000.967287966836,False,
3250,010011010011,66274.11554948245,False,
3251,110011010011,50155.36340089404,False,
3252,001011010011,47404.360437684496,False,
3253,101011010011,38429.628289096094,False,
3254,011011010011,46558.75655061172,False,
3255,111011010011,30440.004402023314,False,
3256,000111010011,51091.277287966834,False,
3257,100111010011,45582.14513937844,False,
3258,010111010011,57389.693400894044,False,
3259,110111010011,44736.54125230563,False,
3260,001111010011,38519.93828909611,False,
3261,101111010011,33010.80614050771,False,
3262,011111010011,37674.334402023305,False,
3263,111111010011,25021.182253434898,False,
3264,000000110011,65480.9968878777,False,
3265,100000110011,63574.2647392893,False,
3266,010000110011,68313.81300080489,False,
3267,110000110011,59263.060852216484,False,
3268,001000110011,49444.05788900696,False,
3269,101000110011,47537.32574041856,False,
3270,011000110011,45132.85400193416,False,
3271,111000110011,36082.10185334575,False,
3272,000100110011,70808.59473928928,False,
3273,100100110011,72367.46259070087,False,
3274,010100110011,73641.41085221649,False,
3275,110100110011,68056.25870362807,False,
3276,001100110011,54771.65574041856,False,
3277,101100110011,56330.523591830155,False,
3278,011100110011,50460.45185334575,False,
3279,111100110011,44875.299704757344,False,
3280,000010110011,68404.12300080489,False,
3281,100010110011,66497.39085221649,False,
3282,010010110011,74702.53911373208,False,
3283,110010110011,65651.78696514368,False,
3284,001010110011,52367.18400193416,False,
3285,101010110011,50460.45185334576,False,
3286,011010110011,51521.580114861354,False,
3287,111010110011,42470.82796627295,False,
3288,000110110011,66587.70085221648,False,
3289,100110110011,68146.56870362809,False,
3290,010110110011,72886.11696514368,False,
3291,110110110011,67300.96481655528,False,
3292,001110110011,50550.76185334575,False,
3293,101110110011,52109.62970475735,False,
3294,011110110011,49705.15796627295,False,
3295,111110110011,44120.00581768455,False,
3296,000001110011,49534.36788900696,False,
3297,100001110011,47627.63574041855,False,
3298,010001110011,52367.18400193416,False,
3299,110001110011,43316.43185334575,False,
3300,001001110011,36963.02889013622,False,
3301,101001110011,35056.29674154781,False,
3302,011001110011,32651.82500306342,False,
3303,111001110011,23601.072854475016,False,
3304,000101110011,54861.96574041856,False,
3305,100101110011,56420.833591830145,False,
3306,010101110011,57694.781853345754,False,
3307,110101110011,52109.629704757346,False,
3308,001101110011,42290.626741547814,False,
3309,101101110011,43849.49459295941,False,
3310,011101110011,37979.42285447502,False,
3311,111101110011,32394.270705886614,False,
3312,000011110011,45313.47400193415,False,
3313,100011110011,43406.74185334574,False,
3314,010011110011,51611.89011486136,False,
3315,110011110011,42561.137966272945,False,
3316,001011110011,32742.135003063417,False,
3317,101011110011,30835.402854475018,False,
3318,011011110011,31896.53111599062,False,
3319,111011110011,22845.77896740222,False,
3320,000111110011,43497.05185334575,False,
3321,100111110011,45055.91970475734,False,
3322,010111110011,49795.46796627295,False,
3323,110111110011,44210.315817684546,False,
3324,001111110011,30925.712854475016,False,
3325,101111110011,32484.580705886612,False,
3326,011111110011,30080.108967402222,False,
3327,111111110011,24494.956818813822,False,
3328,000000001011,56073.853344489835,False,
3329,100000001011,47099.12119590143,False,
3330,010000001011,51838.66945741704,False,
3331,110000001011,35719.91730882863,False,
3332,001000001011,47104.91434561911,False,
3333,101000001011,38130.18219703071,False,
3334,011000001011,35725.71045854631,False,
3335,111000001011,19606.958309957907,False,
3336,000100001011,54333.451195901434,False,
3337,100100001011,48824.31904731303,False,
3338,010100001011,50098.26730882864,False,
3339,110100001011,37445.11516024023,False,
3340,001100001011,45364.51219703071,False,
3341,101100001011,39855.3800484423,False,
3342,011100001011,33985.308309957894,False,
3343,111100001011,21332.156161369494,False,
3344,000010001011,51928.97945741704,False,
3345,100010001011,42954.247308828635,False,
3346,010010001011,51159.39557034423,False,
3347,110010001011,35040.64342175582,False,
3348,001010001011,42960.04045854631,False,
3349,101010001011,33985.308309957894,False,
3350,011010001011,35046.436571473496,False,
3351,111010001011,18927.684422885097,False,
3352,000110001011,43044.55730882863,False,
3353,100110001011,37535.42516024023,False,
3354,010110001011,42274.97342175582,False,
3355,110110001011,29621.82127316742,False,
3356,001110001011,34075.61830995789,False,
3357,101110001011,28566.48616136949,False,
3358,011110001011,26162.0144228851,False,
3359,111110001011,13508.86227429668,False,
3360,000001001011,47195.224345619106,False,
3361,100001001011,38220.492197030704,False,
3362,010001001011,42960.04045854631,False,
3363,110001001011,26841.288309957905,False,
3364,001001001011,41691.88534674836,False,
3365,101001001011,32717.15319815996,False,
3366,011001001011,30312.68145967557,False,
3367,111001001011,14193.929311087164,False,
3368,000101001011,45454.822197030706,False,
3369,100101001011,39945.690048442295,False,
3370,010101001011,41219.638309957896,False,
3371,110101001011,28566.48616136949,False,
3372,001101001011,39951.48319815996,False,
3373,101101001011,34442.35104957156,False,
3374,011101001011,28572.279311087168,False,
3375,111101001011,15919.127162498764,False,
3376,000011001011,35906.330458546305,False,
3377,100011001011,26931.598309957903,False,
3378,010011001011,35136.74657147349,False,
3379,110011001011,19017.994422885095,False,
3380,001011001011,30402.991459675566,False,
3381,101011001011,21428.25931108715,False,
3382,011011001011,22489.38757260277,False,
3383,111011001011,6370.635424014352,False,
3384,000111001011,27021.90830995789,False,
3385,100111001011,21512.77616136949,False,
3386,010111001011,26252.324422885096,False,
3387,110111001011,13599.172274296692,False,
3388,001111001011,21518.569311087165,False,
3389,101111001011,16009.437162498747,False,
3390,011111001011,13604.965424014354,False,
3391,111111001011,951.8132754259514,False,
3392,000000101011,55981.45790986875,False,
3393,100000101011,54074.72576128035,False,
3394,010000101011,51746.274022795944,False,
3395,110000101011,42695.52187420755,False,
3396,001000101011,47012.51891099803,False,
3397,101000101011,45105.786762409625,False,
3398,011000101011,35633.31502392521,False,
3399,111000101011,26582.562875336826,False,
3400,000100101011,61309.05576128035,False,
3401,100100101011,62867.92361269194,False,
3402,010100101011,57073.87187420754,False,
3403,110100101011,51488.71972561914,False,
3404,001100101011,52340.11676240961,False,
3405,101100101011,53898.984613821216,False,
3406,011100101011,40960.91287533681,False,
3407,111100101011,35375.76072674841,False,
3408,000010101011,51836.58402279594,False,
3409,100010101011,49929.851874207554,False,
3410,010010101011,51067.000135723145,False,
3411,110010101011,42016.24798713474,False,
3412,001010101011,42867.645023925215,False,
3413,101010101011,40960.91287533681,False,
3414,011010101011,34954.041136852415,False,
3415,111010101011,25903.288988264016,False,
3416,000110101011,50020.16187420754,False,
3417,100110101011,51579.02972561914,False,
3418,010110101011,49250.57798713474,False,
3419,110110101011,43665.42583854634,False,
3420,001110101011,41051.22287533681,False,
3421,101110101011,42610.09072674841,False,
3422,011110101011,33137.618988264,False,
3423,111110101011,27552.4668396756,False,
3424,000001101011,47102.82891099801,False,
3425,100001101011,45196.09676240961,False,
3426,010001101011,42867.645023925215,False,
3427,110001101011,33816.89287533681,False,
3428,001001101011,41599.489912127276,False,
3429,101001101011,39692.75776353887,False,
3430,011001101011,30220.286025054473,False,
3431,111001101011,21169.53387646608,False,
3432,000101101011,52430.42676240961,False,
3433,100101101011,53989.2946138212,False,
3434,010101101011,48195.242875336815,False,
3435,110101101011,42610.090726748414,False,
3436,001101101011,46927.08776353886,False,
3437,101101101011,48485.95561495048,False,
3438,011101101011,35547.88387646609,False,
3439,111101101011,29962.731727877686,False,
3440,000011101011,35813.93502392521,False,
3441,100011101011,33907.20287533681,False,
3442,010011101011,35044.35113685241,False,
3443,110011101011,25993.598988264013,False,
3444,001011101011,30310.59602505447,False,
3445,101011101011,28403.863876466065,False,
3446,011011101011,22396.992137981673,False,
3447,111011101011,13346.23998939327,False,
3448,000111101011,33997.512875336804,False,
3449,100111101011,35556.38072674841,False,
3450,010111101011,33227.928988264,False,
3451,110111101011,27642.776839675596,False,
3452,001111101011,28494.173876466066,False,
3453,101111101011,30053.04172787767,False,
3454,011111101011,20580.569989393272,False,
3455,111111101011,14995.417840804868,False,
3456,000000011011,36507.77107480189,False,
3457,100000011011,27533.038926213485,False,
3458,010000011011,39340.58718772909,False,
3459,110000011011,23221.835039140686,False,
3460,001000011011,27538.83207593116,False,
3461,101000011011,18564.09992734276,False,
3462,011000011011,23227.628188858347,False,
3463,111000011011,7108.876040269946,False,
3464,000100011011,34767.36892621349,False,
3465,100100011011,29258.236777625083,False,
3466,010100011011,37600.18503914068,False,
3467,110100011011,24947.032890552273,False,
3468,001100011011,25798.42992734276,False,
3469,101100011011,20289.297778754357,False,
3470,011100011011,21487.226040269947,False,
3471,111100011011,8834.073891681546,False,
3472,000010011011,39430.89718772909,False,
3473,100010011011,30456.165039140687,False,
3474,010010011011,45729.31330065627,False,
3475,110010011011,29610.561152067876,False,
3476,001010011011,30461.95818885835,False,
3477,101010011011,21487.226040269947,False,
3478,011010011011,29616.35430178555,False,
3479,111010011011,13497.602153197133,False,
3480,000110011011,30546.47503914067,False,
3481,100110011011,25037.34289055227,False,
3482,010110011011,36844.89115206788,False,
3483,110110011011,24191.739003479473,False,
3484,001110011011,21577.536040269944,False,
3485,101110011011,16068.403891681544,False,
3486,011110011011,20731.932153197136,False,
3487,111110011011,8078.780004608734,False,
3488,000001011011,27629.142075931144,False,
3489,100001011011,18654.409927342742,False,
3490,010001011011,30461.958188858363,False,
3491,110001011011,14343.206040269959,False,
3492,001001011011,22125.803077060413,False,
3493,101001011011,13151.07092847201,False,
3494,011001011011,17814.59918998762,False,
3495,111001011011,1695.8470413992163,False,
3496,000101011011,25888.739927342758,False,
3497,100101011011,20379.607778754355,False,
3498,010101011011,28721.55604026995,False,
3499,110101011011,16068.403891681544,False,
3500,001101011011,20385.400928472012,False,
3501,101101011011,14876.268779883616,False,
3502,011101011011,16074.19704139922,False,
3503,111101011011,3421.04489281082,False,
3504,000011011011,23408.248188858342,False,
3505,100011011011,14433.516040269942,False,
3506,010011011011,29706.66430178555,False,
3507,110011011011,13587.912153197145,False,
3508,001011011011,17904.909189987604,False,
3509,101011011011,8930.177041399202,False,
3510,011011011011,17059.305302914825,False,
3511,111011011011,940.5531543264042,True,40103.15617720851
3512,000111011011,14523.826040269943,False,
3513,100111011011,9014.693891681542,False,
3514,010111011011,20822.242153197134,False,
3515,110111011011,8169.090004608732,False,
3516,001111011011,9020.487041399216,False,
3517,101111011011,3511.354892810803,False,
3518,011111011011,8174.883154326406,False,
3519,111111011011,-4478.268994261993,True,40863.01449817886
3520,000000111011,21845.545640180804,False,
3521,100000111011,19938.813491592402,False,
3522,010000111011,24678.361753107994,False,
3523,110000111011,15627.609604519592,False,
3524,001000111011,12876.606641310063,False,
3525,101000111011,10969.874492721676,False,
3526,011000111011,8565.402754237268,False,
3527,111000111011,-485.34939435113483,False,
3528,000100111011,27173.143491592396,False,
3529,100100111011,28732.011343004,False,
3530,010100111011,30005.959604519594,False,
3531,110100111011,24420.807455931194,False,
3532,001100111011,18204.204492721663,False,
3533,101100111011,19763.072344133274,False,
3534,011100111011,13893.000605648867,False,
3535,111100111011,8307.848457060463,False,
3536,000010111011,24768.671753107992,False,
3537,100010111011,22861.93960451959,False,
3538,010010111011,31067.087866035195,False,
3539,110010111011,22016.335717446796,False,
3540,001010111011,15799.732754237266,False,
3541,101010111011,13893.000605648864,False,
3542,011010111011,14954.128867164458,False,
3543,111010111011,5903.376718576052,False,
3544,000110111011,22952.24960451959,False,
3545,100110111011,24511.11745593119,False,
3546,010110111011,29250.665717446784,False,
3547,110110111011,23665.51356885838,False,
3548,001110111011,13983.310605648865,False,
3549,101110111011,15542.178457060461,False,
3550,011110111011,13137.706718576053,False,
3551,111110111011,7552.554569987653,False,
3552,000001111011,12966.916641310061,False,
3553,100001111011,11060.184492721659,False,
3554,010001111011,15799.732754237266,False,
3555,110001111011,6748.980605648863,False,
3556,001001111011,7463.577642439333,False,
3557,101001111011,5556.845493850931,False,
3558,011001111011,3152.373755366527,False,
3559,111001111011,-5898.378393221865,False,
3560,000101111011,18294.51449272166,False,
3561,100101111011,19853.382344133257,False,
3562,010101111011,21127.330605648865,False,
3563,110101111011,15542.178457060465,False,
3564,001101111011,12791.175493850918,False,
3565,101101111011,14350.043345262526,False,
3566,011101111011,8479.971606778125,False,
3567,111101111011,2894.819458189737,False,
3568,000011111011,8746.022754237249,False,
3569,100011111011,6839.290605648846,False,
3570,010011111011,15044.43886716447,False,
3571,110011111011,5993.686718576064,False,
3572,001011111011,3242.6837553665246,False,
3573,101011111011,1335.9516067781205,False,
3574,011011111011,2397.0798682937275,False,
3575,111011111011,-6653.672280294675,True,41589.469732833226
3576,000111111011,6929.600605648862,False,
3577,100111111011,8488.468457060459,False,
3578,010111111011,13228.016718576051,False,
3579,110111111011,7642.864569987651,False,
3580,001111111011,1426.26160677812,False,
3581,101111111011,2985.12945818972,False,
3582,011111111011,580.6577197053266,False,
3583,111111111011,-5004.494428883076,True,42363.21449817886
3584,000000000111,78638.86040570828,False,
3585,100000000111,72172.12825711988,False,
3586,010000000111,74403.67651863548,False,
3587,110000000111,60792.92437004708,False,
3588,001000000111,62601.92140683755,False,
3589,101000000111,56135.18925824914,False,
3590,011000000111,51222.717519764745,False,
3591,111000000111,37611.96537117634,False,
3592,000100000111,79406.45825711987,False,
3593,100100000111,76405.32610853147,False,
3594,010100000111,75171.27437004709,False,
3595,110100000111,65026.12222145868,False,
3596,001100000111,63369.519258249136,False,
3597,101100000111,60368.38710966073,False,
3598,011100000111,51990.315371176344,False,
3599,111100000111,41845.16322258794,False,
3600,000010000111,74493.98651863547,False,
3601,100010000111,68027.25437004707,False,
3602,010010000111,73724.40263156268,False,
3603,110010000111,60113.650482974284,False,
3604,001010000111,58457.04751976475,False,
3605,101010000111,51990.315371176344,False,
3606,011010000111,50543.443632691946,False,
3607,111010000111,36932.69148410354,False,
3608,000110000111,68117.56437004708,False,
3609,100110000111,65116.43222145868,False,
3610,010110000111,67347.98048297426,False,
3611,110110000111,57202.828334385864,False,
3612,001110000111,52080.62537117634,False,
3613,101110000111,49079.49322258794,False,
3614,011110000111,44167.021484103534,False,
3615,111110000111,34021.86933551513,False,
3616,000001000111,62692.23140683755,False,
3617,100001000111,56225.49925824915,False,
3618,010001000111,58457.04751976475,False,
3619,110001000111,44846.29537117634,False,
3620,001001000111,50120.892407966814,False,
3621,101001000111,43654.160259378405,False,
3622,011001000111,38741.688520894015,False,
3623,111001000111,25130.93637230561,False,
3624,000101000111,63459.829258249134,False,
3625,100101000111,60458.69710966074,False,
3626,010101000111,59224.64537117634,False,
3627,110101000111,49079.49322258794,False,
3628,001101000111,50888.490259378406,False,
3629,101101000111,47887.35811079001,False,
3630,011101000111,39509.28637230561,False,
3631,111101000111,29364.134223717196,False,
3632,000011000111,51403.337519764755,False,
3633,100011000111,44936.60537117634,False,
3634,010011000111,50633.75363269194,False,
3635,110011000111,37023.00148410354,False,
3636,001011000111,38831.99852089401,False,
3637,101011000111,32365.26637230561,False,
3638,011011000111,30918.394633821215,False,
3639,111011000111,17307.642485232813,False,
3640,000111000111,45026.915371176336,False,
3641,100111000111,42025.78322258793,False,
3642,010111000111,44257.33148410354,False,
3643,110111000111,34112.17933551513,False,
3644,001111000111,32455.5763723056,False,
3645,101111000111,29454.444223717208,False,
3646,011111000111,24541.9724852328,False,
3647,111111000111,14396.820336644398,False,
3648,000000100111,83661.4649710872,False,
3649,100000100111,84262.7328224988,False,
3650,010000100111,79426.2810840144,False,
3651,110000100111,72883.52893542599,False,
3652,001000100111,67624.52597221648,False,
3653,101000100111,68225.79382362805,False,
3654,011000100111,56245.32208514366,False,
3655,111000100111,49702.56993655526,False,
3656,000100100111,91497.06282249879,False,
3657,100100100111,95563.93067391038,False,
3658,010100100111,87261.87893542598,False,
3659,110100100111,84184.72678683756,False,
3660,001100100111,75460.12382362806,False,
3661,101100100111,79526.99167503965,False,
3662,011100100111,64080.91993655525,False,
3663,111100100111,61003.76778796684,False,
3664,000010100111,79516.59108401439,False,
3665,100010100111,80117.85893542599,False,
3666,010010100111,78747.00719694159,False,
3667,110010100111,72204.25504835318,False,
3668,001010100111,63479.65208514366,False,
3669,101010100111,64080.919936555256,False,
3670,011010100111,55566.04819807086,False,
3671,111010100111,49023.29604948245,False,
3672,000110100111,80208.16893542599,False,
3673,100110100111,84275.03678683759,False,
3674,010110100111,79438.58504835318,False,
3675,110110100111,76361.43289976477,False,
3676,001110100111,64171.229936555246,False,
3677,101110100111,68238.09778796685,False,
3678,011110100111,56257.626049482446,False,
3679,111110100111,53180.473900894045,False,
3680,000001100111,67714.83597221648,False,
3681,100001100111,68316.10382362804,False,
3682,010001100111,63479.65208514366,False,
3683,110001100111,56936.899936555244,False,
3684,001001100111,55143.496973345726,False,
3685,101001100111,55744.76482475732,False,
3686,011001100111,43764.293086272926,False,
3687,111001100111,37221.54093768451,False,
3688,000101100111,75550.43382362806,False,
3689,100101100111,79617.30167503963,False,
3690,010101100111,71315.24993655525,False,
3691,110101100111,68238.09778796684,False,
3692,001101100111,62979.09482475732,False,
3693,101101100111,67045.96267616891,False,
3694,011101100111,51599.89093768452,False,
3695,111101100111,48522.73878909611,False,
3696,000011100111,56425.94208514366,False,
3697,100011100111,57027.20993655526,False,
3698,010011100111,55656.358198070855,False,
3699,110011100111,49113.60604948244,False,
3700,001011100111,43854.603086272924,False,
3701,101011100111,44455.870937684515,False,
3702,011011100111,35940.999199200116,False,
3703,111011100111,29398.247050611717,False,
3704,000111100111,57117.51993655525,False,
3705,100111100111,61184.387787966836,False,
3706,010111100111,56347.93604948244,False,
3707,110111100111,53270.78390089404,False,
3708,001111100111,44546.18093768451,False,
3709,101111100111,48613.04878909611,False,
3710,011111100111,36632.57705061172,False,
3711,111111100111,33555.42490202332,False,
3712,000000010111,73642.60813602034,False,
3713,100000010111,67175.87598743194,False,
3714,010000010111,76475.42424894753,False,
3715,110000010111,62864.67210035912,False,
3716,001000010111,57605.6691371496,False,
3717,101000010111,51138.93698856119,False,
3718,011000010111,53294.4652500768,False,
3719,111000010111,39683.71310148839,False,
3720,000100010111,74410.20598743192,False,
3721,100100010111,71409.07383884351,False,
3722,010100010111,77243.02210035914,False,
3723,110100010111,67097.86995177071,False,
3724,001100010111,58373.26698856119,False,
3725,101100010111,55372.13483997279,False,
3726,011100010111,54062.0631014884,False,
3727,111100010111,43916.91095289998,False,
3728,000010010111,76565.73424894753,False,
3729,100010010111,70099.00210035912,False,
3730,010010010111,82864.15036187472,False,
3731,110010010111,69253.39821328633,False,
3732,001010010111,60528.79525007679,False,
3733,101010010111,54062.06310148839,False,
3734,011010010111,59683.19136300399,False,
3735,111010010111,46072.43921441559,False,
3736,000110010111,70189.31210035914,False,
3737,100110010111,67188.17995177071,False,
3738,010110010111,76487.72821328632,False,
3739,110110010111,66342.57606469792,False,
3740,001110010111,54152.373101488396,False,
3741,101110010111,51151.24095289999,False,
3742,011110010111,53306.76921441558,False,
3743,111110010111,43161.61706582718,False,
3744,000001010111,57695.979137149596,False,
3745,100001010111,51229.24698856119,False,
3746,010001010111,60528.79525007679,False,
3747,110001010111,46918.043101488394,False,
3748,001001010111,45124.64013827886,False,
3749,101001010111,38657.90798969046,False,
3750,011001010111,40813.436251206054,False,
3751,111001010111,27202.684102617648,False,
3752,000101010111,58463.576988561195,False,
3753,100101010111,55462.44483997279,False,
3754,010101010111,61296.393101488386,False,
3755,110101010111,51151.240952899985,False,
3756,001101010111,45892.23798969046,False,
3757,101101010111,42891.105841102064,False,
3758,011101010111,41581.034102617654,False,
3759,111101010111,31435.88195402925,False,
3760,000011010111,53475.085250076794,False,
3761,100011010111,47008.35310148839,False,
3762,010011010111,59773.501363004,False,
3763,110011010111,46162.74921441559,False,
3764,001011010111,40903.74625120605,False,
3765,101011010111,34437.01410261765,False,
3766,011011010111,40058.14236413325,False,
3767,111011010111,26447.390215544852,False,
3768,000111010111,47098.66310148839,False,
3769,100111010111,44097.530952899986,False,
3770,010111010111,53397.07921441558,False,
3771,110111010111,43251.92706582718,False,
3772,001111010111,34527.32410261766,False,
3773,101111010111,31526.191954029262,False,
3774,011111010111,33681.720215544854,False,
3775,111111010111,23536.568066956454,False,
3776,000000110111,64095.38270139925,False,
3777,100000110111,64696.65055281083,False,
3778,010000110111,66928.19881432645,False,
3779,110000110111,60385.44666573803,False,
3780,001000110111,48058.44370252851,False,
3781,101000110111,48659.711553940106,False,
3782,011000110111,43747.23981545571,False,
3783,111000110111,37204.487666867295,False,
3784,000100110111,71930.98055281084,False,
3785,100100110111,75997.84840422243,False,
3786,010100110111,74763.79666573803,False,
3787,110100110111,71686.64451714963,False,
3788,001100110111,55894.04155394011,False,
3789,101100110111,59960.9094053517,False,
3790,011100110111,51582.8376668673,False,
3791,111100110111,48505.68551827889,False,
3792,000010110111,67018.50881432644,False,
3793,100010110111,67619.77666573804,False,
3794,010010110111,73316.92492725363,False,
3795,110010110111,66774.17277866523,False,
3796,001010110111,50981.5698154557,False,
3797,101010110111,51582.8376668673,False,
3798,011010110111,50135.9659283829,False,
3799,111010110111,43593.213779794496,False,
3800,000110110111,67710.08666573804,False,
3801,100110110111,71776.95451714963,False,
3802,010110110111,74008.50277866522,False,
3803,110110110111,70931.35063007683,False,
3804,001110110111,51673.1476668673,False,
3805,101110110111,55740.015518278895,False,
3806,011110110111,50827.5437797945,False,
3807,111110110111,47750.3916312061,False,
3808,000001110111,48148.753702528506,False,
3809,100001110111,48750.021553940096,False,
3810,010001110111,50981.5698154557,False,
3811,110001110111,44438.8176668673,False,
3812,001001110111,35577.41470365778,False,
3813,101001110111,36178.68255506936,False,
3814,011001110111,31266.21081658497,False,
3815,111001110111,24723.45866799657,False,
3816,000101110111,55984.351553940105,False,
3817,100101110111,60051.219405351694,False,
3818,010101110111,58817.167666867295,False,
3819,110101110111,55740.01551827889,False,
3820,001101110111,43413.01255506936,False,
3821,101101110111,47479.88040648097,False,
3822,011101110111,39101.808667996556,False,
3823,111101110111,36024.656519408156,False,
3824,000011110111,43927.859815455704,False,
3825,100011110111,44529.127666867294,False,
3826,010011110111,50226.2759283829,False,
3827,110011110111,43683.523779794494,False,
3828,001011110111,31356.52081658497,False,
3829,101011110111,31957.788667996567,False,
3830,011011110111,30510.91692951216,False,
3831,111011110111,23968.164780923755,False,
3832,000111110111,44619.4376668673,False,
3833,100111110111,48686.30551827889,False,
3834,010111110111,50917.85377979449,False,
3835,110111110111,47840.70163120608,False,
3836,001111110111,32048.098667996568,False,
3837,101111110111,36114.96651940817,False,
3838,011111110111,31202.494780923756,False,
3839,111111110111,28125.342632335356,False,
3840,000000001111,49573.23915801139,False,
3841,100000001111,43106.50700942299,False,
3842,010000001111,45338.05527093859,False,
3843,110000001111,31727.303122350186,False,
3844,001000001111,40604.30015914066,False,
3845,101000001111,34137.568010552255,False,
3846,011000001111,29225.09627206786,False,
3847,111000001111,15614.344123479459,False,
3848,000100001111,50340.83700942298,False,
3849,100100001111,47339.70486083458,False,
3850,010100001111,46105.65312235018,False,
3851,110100001111,35960.50097376177,False,
3852,001100001111,41371.89801055226,False,
3853,101100001111,38370.76586196385,False,
3854,011100001111,29992.694123479447,False,
3855,111100001111,19847.541974891043,False,
3856,000010001111,45428.365270938586,False,
3857,100010001111,38961.633122350184,False,
3858,010010001111,44658.781383865775,False,
3859,110010001111,31048.029235277376,False,
3860,001010001111,36459.426272067845,False,
3861,101010001111,29992.694123479443,False,
3862,011010001111,28545.822384995052,False,
3863,111010001111,14935.070236406647,False,
3864,000110001111,39051.943122350174,False,
3865,100110001111,36050.81097376177,False,
3866,010110001111,38282.35923527738,False,
3867,110110001111,28137.207086688974,False,
3868,001110001111,30083.004123479444,False,
3869,101110001111,27081.871974891044,False,
3870,011110001111,22169.400236406633,False,
3871,111110001111,12024.248087818232,False,
3872,000001001111,40694.610159140655,False,
3873,100001001111,34227.87801055225,False,
3874,010001001111,36459.42627206786,False,
3875,110001001111,22848.674123479457,False,
3876,001001001111,35191.27116026991,False,
3877,101001001111,28724.53901168151,False,
3878,011001001111,23812.06727319712,False,
3879,111001001111,10201.315124608715,False,
3880,000101001111,41462.208010552255,False,
3881,100101001111,38461.07586196385,False,
3882,010101001111,37227.024123479445,False,
3883,110101001111,27081.871974891044,False,
3884,001101001111,35958.86901168151,False,
3885,101101001111,32957.73686309311,False,
3886,011101001111,24579.66512460872,False,
3887,111101001111,14434.512976020316,False,
3888,000011001111,29405.716272067857,False,
3889,100011001111,22938.984123479455,False,
3890,010011001111,28636.13238499505,False,
3891,110011001111,15025.380236406645,False,
3892,001011001111,23902.37727319712,False,
3893,101011001111,17435.6451246087,False,
3894,011011001111,15988.773386124321,False,
3895,111011001111,2378.021237535904,False,
3896,000111001111,23029.29412347944,False,
3897,100111001111,20028.161974891038,False,
3898,010111001111,22259.71023640663,False,
3899,110111001111,12114.55808781823,False,
3900,001111001111,17525.955124608714,False,
3901,101111001111,14524.8229760203,False,
3902,011111001111,9612.351237535906,False,
3903,111111001111,-532.8009110524963,False,
3904,000000101111,54595.8437233903,False,
3905,100000101111,55197.1115748019,False,
3906,010000101111,50360.6598363175,False,
3907,110000101111,43817.90768772911,False,
3908,001000101111,45626.90472451956,False,
3909,101000101111,46228.172575931174,False,
3910,011000101111,34247.70083744677,False,
3911,111000101111,27704.948688858378,False,
3912,000100101111,62431.441574801895,False,
3913,100100101111,66498.3094262135,False,
3914,010100101111,58196.25768772909,False,
3915,110100101111,55119.10553914069,False,
3916,001100101111,53462.50257593116,False,
3917,101100101111,57529.37042734277,False,
3918,011100101111,42083.29868885837,False,
3919,111100101111,39006.14654026996,False,
3920,000010101111,50450.9698363175,False,
3921,100010101111,51052.23768772909,False,
3922,010010101111,49681.38594924469,False,
3923,110010101111,43138.633800656295,False,
3924,001010101111,41482.030837446764,False,
3925,101010101111,42083.29868885836,False,
3926,011010101111,33568.42695037397,False,
3927,111010101111,27025.674801785564,False,
3928,000110101111,51142.54768772909,False,
3929,100110101111,55209.41553914069,False,
3930,010110101111,50372.96380065628,False,
3931,110110101111,47295.811652067874,False,
3932,001110101111,42173.60868885837,False,
3933,101110101111,46240.47654026996,False,
3934,011110101111,34260.00480178555,False,
3935,111110101111,31182.85265319715,False,
3936,000001101111,45717.21472451956,False,
3937,100001101111,46318.48257593116,False,
3938,010001101111,41482.030837446764,False,
3939,110001101111,34939.278688858365,False,
3940,001001101111,40213.87572564883,False,
3941,101001101111,40815.14357706043,False,
3942,011001101111,28834.671838576025,False,
3943,111001101111,22291.919689987633,False,
3944,000101101111,53552.81257593116,False,
3945,100101101111,57619.680427342755,False,
3946,010101101111,49317.62868885836,False,
3947,110101101111,46240.47654026996,False,
3948,001101101111,48049.47357706042,False,
3949,101101101111,52116.341428472035,False,
3950,011101101111,36670.269689987625,False,
3951,111101101111,33593.117541399246,False,
3952,000011101111,34428.320837446765,False,
3953,100011101111,35029.58868885836,False,
3954,010011101111,33658.73695037397,False,
3955,110011101111,27115.984801785562,False,
3956,001011101111,28924.981838576023,False,
3957,101011101111,29526.24968998762,False,
3958,011011101111,21011.377951503226,False,
3959,111011101111,14468.625802914823,False,
3960,000111101111,35119.89868885836,False,
3961,100111101111,39186.76654026996,False,
3962,010111101111,34350.31480178555,False,
3963,110111101111,31273.16265319715,False,
3964,001111101111,29616.55968998762,False,
3965,101111101111,33683.42754139923,False,
3966,011111101111,21702.955802914825,False,
3967,111111101111,18625.803654326424,False,
3968,000000011111,30007.156888323436,False,
3969,100000011111,23540.424739735034,False,
3970,010000011111,32839.97300125064,False,
3971,110000011111,19229.22085266224,False,
3972,001000011111,21038.217889452695,False,
3973,101000011111,14571.485740864295,False,
3974,011000011111,16727.014002379903,False,
3975,111000011111,3116.2618537914987,False,
3976,000100011111,30774.754739735035,False,
3977,100100011111,27773.622591146635,False,
3978,010100011111,33607.570852662226,False,
3979,110100011111,23462.418704073825,False,
3980,001100011111,21805.815740864295,False,
3981,101100011111,18804.68359227589,False,
3982,011100011111,17494.611853791503,False,
3983,111100011111,7349.459705203099,False,
3984,000010011111,32930.28300125064,False,
3985,100010011111,26463.550852662236,False,
3986,010010011111,39228.69911417783,False,
3987,110010011111,25617.946965589428,False,
3988,001010011111,23961.344002379898,False,
3989,101010011111,17494.61185379148,False,
3990,011010011111,23115.740115307104,False,
3991,111010011111,9504.987966718685,False,
3992,000110011111,26553.860852662227,False,
3993,100110011111,23552.728704073823,False,
3994,010110011111,32852.27696558943,False,
3995,110110011111,22707.12481700103,False,
3996,001110011111,17584.9218537915,False,
3997,101110011111,14583.789705203084,False,
3998,011110011111,16739.317966718685,False,
3999,111110011111,6594.165818130286,False,
4000,000001011111,21128.527889452693,False,
4001,100001011111,14661.795740864292,False,
4002,010001011111,23961.344002379898,False,
4003,110001011111,10350.591853791497,False,
4004,001001011111,15625.188890581965,False,
4005,101001011111,9158.456741993563,False,
4006,011001011111,11313.985003509159,False,
4007,111001011111,-2296.767145079246,False,
4008,000101011111,21896.125740864307,False,
4009,100101011111,18894.993592275903,False,
4010,010101011111,24728.941853791497,False,
4011,110101011111,14583.789705203098,False,
4012,001101011111,16392.786741993565,False,
4013,101101011111,13391.654593405168,False,
4014,011101011111,12081.582854920758,False,
4015,111101011111,1936.4307063323577,False,
4016,000011011111,16907.6340023799,False,
4017,100011011111,10440.901853791494,False,
4018,010011011111,23206.0501153071,False,
4019,110011011111,9595.297966718697,False,
4020,001011011111,11404.295003509156,False,
4021,101011011111,4937.562854920754,False,
4022,011011011111,10558.691116436363,False,
4023,111011011111,-3052.061032152058,True,40987.596177208514
4024,000111011111,10531.211853791496,False,
4025,100111011111,7530.079705203094,False,
4026,010111011111,16829.627966718683,False,
4027,110111011111,6684.475818130284,False,
4028,001111011111,5027.872854920768,False,
4029,101111011111,2026.7407063323553,False,
4030,011111011111,4182.268967847958,False,
4031,111111011111,-5962.883180740457,True,41747.454498178864
4032,000000111111,20459.93145370235,False,
4033,100000111111,21061.19930511394,False,
4034,010000111111,23292.747566629547,False,
4035,110000111111,16749.995418041144,False,
4036,001000111111,11490.992454831616,False,
4037,101000111111,12092.260306243214,False,
4038,011000111111,7179.788567758806,False,
4039,111000111111,637.0364191704175,False,
4040,000100111111,28295.52930511394,False,
4041,100100111111,32362.397156525538,False,
4042,010100111111,31128.345418041146,False,
4043,110100111111,28051.193269452746,False,
4044,001100111111,19326.590306243215,False,
4045,101100111111,23393.458157654808,False,
4046,011100111111,15015.386419170405,False,
4047,111100111111,11938.234270582014,False,
4048,000010111111,23383.057566629544,False,
4049,100010111111,23984.325418041142,False,
4050,010010111111,29681.473679556748,False,
4051,110010111111,23138.72153096835,False,
4052,001010111111,14414.118567758804,False,
4053,101010111111,15015.3864191704,False,
4054,011010111111,13568.51468068601,False,
4055,111010111111,7025.762532097602,False,
4056,000110111111,24074.635418041144,False,
4057,100110111111,28141.503269452744,False,
4058,010110111111,30373.051530968336,False,
4059,110110111111,27295.899382379932,False,
4060,001110111111,15105.696419170403,False,
4061,101110111111,19172.564270582,False,
4062,011110111111,14260.092532097604,False,
4063,111110111111,11182.940383509202,False,
4064,000001111111,11581.302454831613,False,
4065,100001111111,12182.570306243211,False,
4066,010001111111,14414.118567758804,False,
4067,110001111111,7871.366419170401,False,
4068,001001111111,6077.963455960886,False,
4069,101001111111,6679.23130737248,False,
4070,011001111111,1766.7595688880792,False,
4071,111001111111,-4775.992579700329,False,
4072,000101111111,19416.900306243213,False,
4073,100101111111,23483.768157654806,False,
4074,010101111111,22249.7164191704,False,
4075,110101111111,19172.564270582,False,
4076,001101111111,13913.561307372467,False,
4077,101101111111,17980.429158784078,False,
4078,011101111111,9602.35742029966,False,
4079,111101111111,6525.205271711275,False,
4080,000011111111,7360.408567758801,False,
4081,100011111111,7961.676419170399,False,
4082,010011111111,13658.824680686008,False,
4083,110011111111,7116.0725320976,False,
4084,001011111111,1857.069568888077,False,
4085,101011111111,2458.337420299671,False,
4086,011011111111,1011.4656818152653,False,
4087,111011111111,-5531.286466773141,True,42473.90973283322
4088,000111111111,8051.986419170415,False,
4089,100111111111,12118.85427058201,False,
4090,010111111111,14350.402532097602,False,
4091,110111111111,11273.2503835092,False,
4092,001111111111,2548.6474202996706,False,
4093,101111111111,6615.515271711272,False,
4094,011111111111,1703.0435332268607,False,
4095,111111111111,-1374.1086153615397,True,43247.65449817886
